Timestamp,Ultrasonic(cm),LiDAR(cm),Status,Snapshot
2026-04-15 19:59:43.992,5.8,9.1,OBSTACLE,/home/ubuntu/software_ws/snapshots/20260415_195943_987_obstacle.jpg
2026-04-15 20:06:47.794,5.8,8.9,OBSTACLE,/home/ubuntu/software_ws/snapshots/20260415_200647_772_obstacle.jpg
2026-04-15 20:06:57.813,29.5,out of range,OBSTACLE,/home/ubuntu/software_ws/snapshots/20260415_200657_806_obstacle.jpg
2026-04-15 20:06:58.135,28.7,out of range,OBSTACLE,/home/ubuntu/software_ws/snapshots/20260415_200658_117_obstacle.jpg
2026-04-15 20:07:02.502,24.3,44.4,OBSTACLE,/home/ubuntu/software_ws/snapshots/20260415_200702_479_obstacle.jpg
2026-04-15 20:07:03.432,26.6,39.0,OBSTACLE,/home/ubuntu/software_ws/snapshots/20260415_200703_417_obstacle.jpg
2026-04-15 20:07:04.464,23.7,out of range,OBSTACLE,/home/ubuntu/software_ws/snapshots/20260415_200704_444_obstacle.jpg
2026-04-15 20:36:13.498,29.4,35.3,OBSTACLE,/home/ubuntu/software_ws/snapshots/20260415_203613_471_obstacle.jpg
2026-04-15 21:21:38.448,11.8,out of range,OBSTACLE,/home/ubuntu/software_ws/snapshots/20260415_212138_434_obstacle.jpg
2026-04-21 19:42:03.288,29.8,78.0,OBSTACLE,/home/ubuntu/software_ws/snapshots/20260421_194203_280_obstacle.jpg
2026-04-21 19:42:07.865,29.8,77.1,OBSTACLE,/home/ubuntu/software_ws/snapshots/20260421_194207_847_obstacle.jpg
2026-04-21 19:43:19.400,29.7,76.9,OBSTACLE,/home/ubuntu/software_ws/snapshots/20260421_194319_393_obstacle.jpg
2026-04-21 19:43:45.490,29.7,78.0,OBSTACLE,/home/ubuntu/software_ws/snapshots/20260421_194345_480_obstacle.jpg
2026-04-21 19:44:02.587,29.6,77.3,OBSTACLE,/home/ubuntu/software_ws/snapshots/20260421_194402_566_obstacle.jpg
2026-04-21 19:44:26.783,29.7,78.2,OBSTACLE,/home/ubuntu/software_ws/snapshots/20260421_194426_779_obstacle.jpg
2026-04-21 19:44:26.989,29.7,78.0,OBSTACLE,/home/ubuntu/software_ws/snapshots/20260421_194426_985_obstacle.jpg
2026-04-21 19:44:27.196,29.7,77.4,OBSTACLE,/home/ubuntu/software_ws/snapshots/20260421_194427_192_obstacle.jpg
2026-04-21 19:44:52.878,29.7,76.8,OBSTACLE,/home/ubuntu/software_ws/snapshots/20260421_194452_857_obstacle.jpg
2026-04-21 19:45:57.345,29.6,77.4,OBSTACLE,/home/ubuntu/software_ws/snapshots/20260421_194557_323_obstacle.jpg
2026-04-21 19:46:20.031,29.6,77.9,OBSTACLE,/home/ubuntu/software_ws/snapshots/20260421_194620_013_obstacle.jpg
2026-04-21 19:46:20.251,29.6,77.3,OBSTACLE,/home/ubuntu/software_ws/snapshots/20260421_194620_234_obstacle.jpg
2026-04-21 19:46:20.775,29.6,77.2,OBSTACLE,/home/ubuntu/software_ws/snapshots/20260421_194620_758_obstacle.jpg
2026-04-21 19:47:12.251,29.7,76.8,OBSTACLE,/home/ubuntu/software_ws/snapshots/20260421_194712_232_obstacle.jpg
2026-04-21 19:48:06.493,29.7,76.3,OBSTACLE,/home/ubuntu/software_ws/snapshots/20260421_194806_475_obstacle.jpg
2026-04-21 19:48:19.361,29.7,75.6,OBSTACLE,/home/ubuntu/software_ws/snapshots/20260421_194819_341_obstacle.jpg
2026-04-21 19:48:36.971,29.7,74.4,OBSTACLE,/home/ubuntu/software_ws/snapshots/20260421_194836_961_obstacle.jpg
2026-04-21 19:48:40.727,29.7,75.6,OBSTACLE,/home/ubuntu/software_ws/snapshots/20260421_194840_709_obstacle.jpg
2026-04-21 19:48:56.929,29.6,75.9,OBSTACLE,/home/ubuntu/software_ws/snapshots/20260421_194856_910_obstacle.jpg
2026-04-21 19:48:57.256,29.6,75.8,OBSTACLE,/home/ubuntu/software_ws/snapshots/20260421_194857_234_obstacle.jpg
2026-04-21 19:49:37.541,29.7,76.1,OBSTACLE,/home/ubuntu/software_ws/snapshots/20260421_194937_521_obstacle.jpg
2026-04-21 19:49:39.379,29.7,76.2,OBSTACLE,/home/ubuntu/software_ws/snapshots/20260421_194939_361_obstacle.jpg
2026-04-21 19:49:45.972,29.6,75.6,OBSTACLE,/home/ubuntu/software_ws/snapshots/20260421_194945_952_obstacle.jpg
2026-04-21 19:49:46.301,29.7,76.3,OBSTACLE,/home/ubuntu/software_ws/snapshots/20260421_194946_283_obstacle.jpg
2026-04-21 19:49:52.387,29.7,75.2,OBSTACLE,/home/ubuntu/software_ws/snapshots/20260421_194952_367_obstacle.jpg
2026-04-21 19:49:52.610,29.8,75.4,OBSTACLE,/home/ubuntu/software_ws/snapshots/20260421_194952_591_obstacle.jpg
2026-04-21 19:49:54.238,29.7,76.2,OBSTACLE,/home/ubuntu/software_ws/snapshots/20260421_194954_229_obstacle.jpg
2026-04-21 19:49:56.181,29.7,75.1,OBSTACLE,/home/ubuntu/software_ws/snapshots/20260421_194956_161_obstacle.jpg
2026-04-21 19:50:07.123,29.8,76.3,OBSTACLE,/home/ubuntu/software_ws/snapshots/20260421_195007_103_obstacle.jpg
2026-04-21 19:50:18.169,29.7,76.1,OBSTACLE,/home/ubuntu/software_ws/snapshots/20260421_195018_151_obstacle.jpg
2026-04-21 19:54:33.477,29.7,76.1,OBSTACLE,/home/ubuntu/software_ws/snapshots/20260421_195433_459_obstacle.jpg
2026-04-21 19:55:43.914,29.7,75.4,OBSTACLE,/home/ubuntu/software_ws/snapshots/20260421_195543_889_obstacle.jpg
2026-04-21 19:56:26.841,29.7,76.6,OBSTACLE,/home/ubuntu/software_ws/snapshots/20260421_195626_836_obstacle.jpg
2026-04-21 19:57:06.502,29.7,75.9,OBSTACLE,/home/ubuntu/software_ws/snapshots/20260421_195706_497_obstacle.jpg
2026-04-21 19:57:15.253,29.7,75.9,OBSTACLE,/home/ubuntu/software_ws/snapshots/20260421_195715_249_obstacle.jpg
2026-04-21 19:57:16.764,29.7,75.4,OBSTACLE,/home/ubuntu/software_ws/snapshots/20260421_195716_760_obstacle.jpg
2026-04-21 19:57:26.717,29.7,75.9,OBSTACLE,/home/ubuntu/software_ws/snapshots/20260421_195726_713_obstacle.jpg
2026-04-21 19:57:58.474,29.8,76.0,OBSTACLE,/home/ubuntu/software_ws/snapshots/20260421_195758_470_obstacle.jpg
2026-04-21 19:58:02.800,29.6,76.6,OBSTACLE,/home/ubuntu/software_ws/snapshots/20260421_195802_796_obstacle.jpg
2026-04-21 19:58:51.839,29.7,76.8,OBSTACLE,/home/ubuntu/software_ws/snapshots/20260421_195851_835_obstacle.jpg
2026-04-21 20:00:24.583,29.8,76.2,OBSTACLE,/home/ubuntu/software_ws/snapshots/20260421_200024_579_obstacle.jpg
2026-04-21 20:00:25.190,29.8,76.5,OBSTACLE,/home/ubuntu/software_ws/snapshots/20260421_200025_186_obstacle.jpg
2026-04-21 20:01:23.768,29.7,75.5,OBSTACLE,/home/ubuntu/software_ws/snapshots/20260421_200123_764_obstacle.jpg
2026-04-21 20:01:35.929,29.7,76.1,OBSTACLE,/home/ubuntu/software_ws/snapshots/20260421_200135_925_obstacle.jpg
2026-04-21 20:02:00.045,29.7,75.8,OBSTACLE,/home/ubuntu/software_ws/snapshots/20260421_200200_041_obstacle.jpg
2026-04-21 20:02:56.127,29.8,76.7,OBSTACLE,/home/ubuntu/software_ws/snapshots/20260421_200256_123_obstacle.jpg
2026-04-21 20:02:59.650,29.8,75.7,OBSTACLE,/home/ubuntu/software_ws/snapshots/20260421_200259_646_obstacle.jpg
2026-04-21 20:02:59.856,29.8,76.7,OBSTACLE,/home/ubuntu/software_ws/snapshots/20260421_200259_851_obstacle.jpg
2026-04-21 20:03:00.062,29.8,76.3,OBSTACLE,/home/ubuntu/software_ws/snapshots/20260421_200300_058_obstacle.jpg
2026-04-21 20:03:09.611,29.7,75.6,OBSTACLE,/home/ubuntu/software_ws/snapshots/20260421_200309_607_obstacle.jpg
2026-04-21 20:03:18.760,29.8,76.4,OBSTACLE,/home/ubuntu/software_ws/snapshots/20260421_200318_756_obstacle.jpg
2026-04-21 20:03:43.090,29.8,75.5,OBSTACLE,/home/ubuntu/software_ws/snapshots/20260421_200343_087_obstacle.jpg
2026-04-21 20:03:59.171,29.7,76.1,OBSTACLE,/home/ubuntu/software_ws/snapshots/20260421_200359_166_obstacle.jpg
2026-04-21 20:04:03.094,29.8,76.2,OBSTACLE,/home/ubuntu/software_ws/snapshots/20260421_200403_090_obstacle.jpg
2026-04-21 20:04:03.600,29.7,76.6,OBSTACLE,/home/ubuntu/software_ws/snapshots/20260421_200403_596_obstacle.jpg
2026-04-21 20:04:06.518,29.8,75.2,OBSTACLE,/home/ubuntu/software_ws/snapshots/20260421_200406_514_obstacle.jpg
2026-04-21 20:04:07.828,29.7,76.3,OBSTACLE,/home/ubuntu/software_ws/snapshots/20260421_200407_824_obstacle.jpg
2026-04-21 20:04:14.965,29.7,75.9,OBSTACLE,/home/ubuntu/software_ws/snapshots/20260421_200414_961_obstacle.jpg
2026-04-21 20:04:15.472,29.7,75.0,OBSTACLE,/home/ubuntu/software_ws/snapshots/20260421_200415_468_obstacle.jpg
2026-04-21 20:04:19.897,29.8,75.3,OBSTACLE,/home/ubuntu/software_ws/snapshots/20260421_200419_893_obstacle.jpg
2026-04-21 20:04:20.403,29.7,75.8,OBSTACLE,/home/ubuntu/software_ws/snapshots/20260421_200420_400_obstacle.jpg
2026-04-21 20:04:22.919,29.7,76.1,OBSTACLE,/home/ubuntu/software_ws/snapshots/20260421_200422_915_obstacle.jpg
2026-04-21 20:04:24.431,29.7,76.5,OBSTACLE,/home/ubuntu/software_ws/snapshots/20260421_200424_428_obstacle.jpg
2026-04-21 20:04:26.546,29.7,75.8,OBSTACLE,/home/ubuntu/software_ws/snapshots/20260421_200426_542_obstacle.jpg
2026-04-21 20:04:26.760,29.7,75.6,OBSTACLE,/home/ubuntu/software_ws/snapshots/20260421_200426_752_obstacle.jpg
2026-04-21 20:04:32.997,29.7,76.6,OBSTACLE,/home/ubuntu/software_ws/snapshots/20260421_200432_993_obstacle.jpg
2026-04-21 20:04:33.303,29.7,75.7,OBSTACLE,/home/ubuntu/software_ws/snapshots/20260421_200433_299_obstacle.jpg
2026-04-21 20:04:33.910,29.7,74.8,OBSTACLE,/home/ubuntu/software_ws/snapshots/20260421_200433_906_obstacle.jpg
2026-04-21 20:04:34.517,29.7,75.3,OBSTACLE,/home/ubuntu/software_ws/snapshots/20260421_200434_513_obstacle.jpg
2026-04-21 20:04:34.923,29.8,76.5,OBSTACLE,/home/ubuntu/software_ws/snapshots/20260421_200434_919_obstacle.jpg
2026-04-21 20:04:35.129,29.8,75.5,OBSTACLE,/home/ubuntu/software_ws/snapshots/20260421_200435_125_obstacle.jpg
2026-04-21 20:04:35.434,29.7,76.8,OBSTACLE,/home/ubuntu/software_ws/snapshots/20260421_200435_430_obstacle.jpg
2026-04-21 20:04:35.840,29.7,76.1,OBSTACLE,/home/ubuntu/software_ws/snapshots/20260421_200435_836_obstacle.jpg
2026-04-21 20:04:36.046,29.7,75.6,OBSTACLE,/home/ubuntu/software_ws/snapshots/20260421_200436_042_obstacle.jpg
2026-04-21 20:04:36.954,29.7,75.9,OBSTACLE,/home/ubuntu/software_ws/snapshots/20260421_200436_950_obstacle.jpg
2026-04-21 20:04:38.666,29.7,75.9,OBSTACLE,/home/ubuntu/software_ws/snapshots/20260421_200438_662_obstacle.jpg
2026-04-21 20:04:38.972,29.7,75.7,OBSTACLE,/home/ubuntu/software_ws/snapshots/20260421_200438_968_obstacle.jpg
2026-04-21 20:04:39.478,29.7,76.2,OBSTACLE,/home/ubuntu/software_ws/snapshots/20260421_200439_474_obstacle.jpg
2026-04-21 20:04:39.784,29.7,76.2,OBSTACLE,/home/ubuntu/software_ws/snapshots/20260421_200439_780_obstacle.jpg
2026-04-21 20:04:45.113,29.7,76.5,OBSTACLE,/home/ubuntu/software_ws/snapshots/20260421_200445_109_obstacle.jpg
2026-04-21 20:05:10.943,29.8,76.5,OBSTACLE,/home/ubuntu/software_ws/snapshots/20260421_200510_939_obstacle.jpg
2026-04-21 20:05:13.761,29.7,76.2,OBSTACLE,/home/ubuntu/software_ws/snapshots/20260421_200513_757_obstacle.jpg
2026-04-21 20:05:13.966,29.7,76.2,OBSTACLE,/home/ubuntu/software_ws/snapshots/20260421_200513_962_obstacle.jpg
2026-04-21 20:05:14.271,29.8,76.6,OBSTACLE,/home/ubuntu/software_ws/snapshots/20260421_200514_267_obstacle.jpg
2026-04-21 20:05:15.381,29.7,76.8,OBSTACLE,/home/ubuntu/software_ws/snapshots/20260421_200515_377_obstacle.jpg
2026-04-21 20:05:24.630,29.7,76.1,OBSTACLE,/home/ubuntu/software_ws/snapshots/20260421_200524_625_obstacle.jpg
2026-04-21 20:05:42.728,29.7,76.4,OBSTACLE,/home/ubuntu/software_ws/snapshots/20260421_200542_724_obstacle.jpg
2026-04-21 20:05:46.150,29.8,76.5,OBSTACLE,/home/ubuntu/software_ws/snapshots/20260421_200546_146_obstacle.jpg
2026-04-21 20:05:47.362,29.7,76.6,OBSTACLE,/home/ubuntu/software_ws/snapshots/20260421_200547_357_obstacle.jpg
2026-04-21 20:05:49.378,29.7,77.0,OBSTACLE,/home/ubuntu/software_ws/snapshots/20260421_200549_374_obstacle.jpg
2026-04-21 20:05:49.684,29.8,76.4,OBSTACLE,/home/ubuntu/software_ws/snapshots/20260421_200549_680_obstacle.jpg
2026-04-21 20:05:50.595,29.7,76.1,OBSTACLE,/home/ubuntu/software_ws/snapshots/20260421_200550_591_obstacle.jpg
2026-04-21 20:05:51.001,29.7,76.6,OBSTACLE,/home/ubuntu/software_ws/snapshots/20260421_200550_997_obstacle.jpg
2026-04-21 20:05:52.011,29.8,76.4,OBSTACLE,/home/ubuntu/software_ws/snapshots/20260421_200552_007_obstacle.jpg
2026-04-21 20:05:54.027,29.8,76.5,OBSTACLE,/home/ubuntu/software_ws/snapshots/20260421_200554_021_obstacle.jpg
2026-04-21 20:05:54.333,29.8,76.3,OBSTACLE,/home/ubuntu/software_ws/snapshots/20260421_200554_329_obstacle.jpg
2026-04-21 20:05:56.649,29.7,76.8,OBSTACLE,/home/ubuntu/software_ws/snapshots/20260421_200556_645_obstacle.jpg
2026-04-21 20:05:57.558,29.7,76.4,OBSTACLE,/home/ubuntu/software_ws/snapshots/20260421_200557_554_obstacle.jpg
2026-04-21 20:05:57.963,29.7,76.4,OBSTACLE,/home/ubuntu/software_ws/snapshots/20260421_200557_960_obstacle.jpg
2026-04-21 20:05:58.168,29.7,75.9,OBSTACLE,/home/ubuntu/software_ws/snapshots/20260421_200558_165_obstacle.jpg
2026-04-21 20:05:58.474,29.7,76.5,OBSTACLE,/home/ubuntu/software_ws/snapshots/20260421_200558_470_obstacle.jpg
2026-04-21 20:05:59.684,29.7,76.5,OBSTACLE,/home/ubuntu/software_ws/snapshots/20260421_200559_680_obstacle.jpg
2026-04-21 20:06:36.074,29.8,76.5,OBSTACLE,/home/ubuntu/software_ws/snapshots/20260421_200636_070_obstacle.jpg
2026-04-21 20:06:37.689,29.7,77.5,OBSTACLE,/home/ubuntu/software_ws/snapshots/20260421_200637_685_obstacle.jpg
2026-04-21 20:06:38.397,29.8,76.4,OBSTACLE,/home/ubuntu/software_ws/snapshots/20260421_200638_393_obstacle.jpg
2026-04-21 20:06:39.607,29.7,76.9,OBSTACLE,/home/ubuntu/software_ws/snapshots/20260421_200639_603_obstacle.jpg
2026-04-21 20:06:39.812,29.8,76.1,OBSTACLE,/home/ubuntu/software_ws/snapshots/20260421_200639_808_obstacle.jpg
2026-04-21 20:06:40.318,29.8,76.9,OBSTACLE,/home/ubuntu/software_ws/snapshots/20260421_200640_314_obstacle.jpg
2026-04-21 20:06:40.624,29.7,76.2,OBSTACLE,/home/ubuntu/software_ws/snapshots/20260421_200640_620_obstacle.jpg
2026-04-21 20:06:52.488,29.7,76.3,OBSTACLE,/home/ubuntu/software_ws/snapshots/20260421_200652_485_obstacle.jpg
2026-04-21 20:06:52.895,29.7,76.8,OBSTACLE,/home/ubuntu/software_ws/snapshots/20260421_200652_891_obstacle.jpg
2026-04-21 20:06:55.816,29.7,76.4,OBSTACLE,/home/ubuntu/software_ws/snapshots/20260421_200655_812_obstacle.jpg
2026-04-21 20:06:56.434,29.7,75.9,OBSTACLE,/home/ubuntu/software_ws/snapshots/20260421_200656_430_obstacle.jpg
2026-04-21 20:07:00.767,29.7,76.4,OBSTACLE,/home/ubuntu/software_ws/snapshots/20260421_200700_763_obstacle.jpg
2026-04-21 20:07:01.475,29.8,76.7,OBSTACLE,/home/ubuntu/software_ws/snapshots/20260421_200701_471_obstacle.jpg
2026-04-21 20:07:03.187,29.7,76.1,OBSTACLE,/home/ubuntu/software_ws/snapshots/20260421_200703_183_obstacle.jpg
2026-04-21 20:07:03.995,29.7,75.6,OBSTACLE,/home/ubuntu/software_ws/snapshots/20260421_200703_992_obstacle.jpg
2026-04-21 20:07:05.307,29.7,76.8,OBSTACLE,/home/ubuntu/software_ws/snapshots/20260421_200705_302_obstacle.jpg
2026-04-21 20:07:13.051,29.8,76.0,OBSTACLE,/home/ubuntu/software_ws/snapshots/20260421_200713_047_obstacle.jpg
2026-04-21 20:07:17.979,29.8,76.3,OBSTACLE,/home/ubuntu/software_ws/snapshots/20260421_200717_975_obstacle.jpg
2026-04-21 20:08:14.390,29.7,76.9,OBSTACLE,/home/ubuntu/software_ws/snapshots/20260421_200814_386_obstacle.jpg
2026-04-21 20:08:48.361,29.7,76.1,OBSTACLE,/home/ubuntu/software_ws/snapshots/20260421_200848_356_obstacle.jpg
2026-04-21 20:08:51.078,29.7,76.2,OBSTACLE,/home/ubuntu/software_ws/snapshots/20260421_200851_074_obstacle.jpg
2026-04-21 20:09:23.234,29.8,76.2,OBSTACLE,/home/ubuntu/software_ws/snapshots/20260421_200923_230_obstacle.jpg
2026-04-21 20:09:52.375,29.7,76.3,OBSTACLE,/home/ubuntu/software_ws/snapshots/20260421_200952_370_obstacle.jpg
2026-04-21 20:10:07.286,29.7,76.7,OBSTACLE,/home/ubuntu/software_ws/snapshots/20260421_201007_278_obstacle.jpg
2026-04-21 20:10:31.415,29.7,76.0,OBSTACLE,/home/ubuntu/software_ws/snapshots/20260421_201030_778_obstacle.jpg
2026-04-21 20:10:32.285,29.7,76.1,OBSTACLE,/home/ubuntu/software_ws/snapshots/20260421_201032_279_obstacle.jpg
2026-04-21 20:10:44.787,29.7,75.9,OBSTACLE,/home/ubuntu/software_ws/snapshots/20260421_201044_780_obstacle.jpg
2026-04-21 20:10:44.996,29.7,75.0,OBSTACLE,/home/ubuntu/software_ws/snapshots/20260421_201044_991_obstacle.jpg
2026-04-21 20:10:46.107,29.7,76.3,OBSTACLE,/home/ubuntu/software_ws/snapshots/20260421_201046_103_obstacle.jpg
2026-04-21 20:10:48.931,29.7,75.7,OBSTACLE,/home/ubuntu/software_ws/snapshots/20260421_201048_926_obstacle.jpg
2026-04-21 20:11:17.834,30.0,41.7,OBSTACLE,/home/ubuntu/software_ws/snapshots/20260421_201117_480_obstacle.jpg
2026-04-21 20:11:19.349,29.8,33.5,OBSTACLE,/home/ubuntu/software_ws/snapshots/20260421_201119_345_obstacle.jpg
2026-04-21 20:11:20.060,29.4,35.3,OBSTACLE,/home/ubuntu/software_ws/snapshots/20260421_201120_055_obstacle.jpg
2026-04-21 20:11:21.172,29.7,43.4,OBSTACLE,/home/ubuntu/software_ws/snapshots/20260421_201121_167_obstacle.jpg
2026-04-21 20:11:21.983,29.9,43.2,OBSTACLE,/home/ubuntu/software_ws/snapshots/20260421_201121_977_obstacle.jpg
2026-04-21 20:11:25.916,29.4,46.0,OBSTACLE,/home/ubuntu/software_ws/snapshots/20260421_201125_910_obstacle.jpg
2026-04-21 20:11:31.850,29.7,39.9,OBSTACLE,/home/ubuntu/software_ws/snapshots/20260421_201131_845_obstacle.jpg
2026-04-21 20:11:39.823,29.7,38.6,OBSTACLE,/home/ubuntu/software_ws/snapshots/20260421_201139_418_obstacle.jpg
2026-04-21 20:11:46.373,30.0,38.4,OBSTACLE,/home/ubuntu/software_ws/snapshots/20260421_201143_118_obstacle.jpg
2026-04-21 20:11:56.139,29.5,39.5,OBSTACLE,/home/ubuntu/software_ws/snapshots/20260421_201156_111_obstacle.jpg
2026-04-21 20:11:56.647,29.5,39.6,OBSTACLE,/home/ubuntu/software_ws/snapshots/20260421_201156_643_obstacle.jpg
2026-04-21 20:12:15.966,29.7,38.4,OBSTACLE,/home/ubuntu/software_ws/snapshots/20260421_201215_959_obstacle.jpg
2026-04-21 20:12:16.276,29.5,39.5,OBSTACLE,/home/ubuntu/software_ws/snapshots/20260421_201216_270_obstacle.jpg
2026-04-21 20:12:17.084,29.7,46.5,OBSTACLE,/home/ubuntu/software_ws/snapshots/20260421_201217_081_obstacle.jpg
2026-04-21 20:12:19.199,30.0,44.8,OBSTACLE,/home/ubuntu/software_ws/snapshots/20260421_201219_195_obstacle.jpg
2026-04-21 20:12:19.505,29.8,43.8,OBSTACLE,/home/ubuntu/software_ws/snapshots/20260421_201219_501_obstacle.jpg
2026-04-21 20:12:20.011,29.4,42.1,OBSTACLE,/home/ubuntu/software_ws/snapshots/20260421_201220_007_obstacle.jpg
2026-04-21 20:12:23.632,30.0,36.7,OBSTACLE,/home/ubuntu/software_ws/snapshots/20260421_201223_629_obstacle.jpg
2026-04-21 20:12:24.039,29.8,36.3,OBSTACLE,/home/ubuntu/software_ws/snapshots/20260421_201224_035_obstacle.jpg
2026-04-21 20:12:24.545,29.7,34.9,OBSTACLE,/home/ubuntu/software_ws/snapshots/20260421_201224_541_obstacle.jpg
2026-04-21 20:12:24.851,29.7,35.3,OBSTACLE,/home/ubuntu/software_ws/snapshots/20260421_201224_847_obstacle.jpg
2026-04-21 20:12:25.358,29.5,35.7,OBSTACLE,/home/ubuntu/software_ws/snapshots/20260421_201225_354_obstacle.jpg
2026-04-21 20:12:26.266,29.4,36.1,OBSTACLE,/home/ubuntu/software_ws/snapshots/20260421_201226_262_obstacle.jpg
2026-04-21 20:12:26.672,29.7,35.7,OBSTACLE,/home/ubuntu/software_ws/snapshots/20260421_201226_668_obstacle.jpg
2026-04-21 20:12:27.380,29.4,36.2,OBSTACLE,/home/ubuntu/software_ws/snapshots/20260421_201227_376_obstacle.jpg
2026-04-21 20:12:27.987,29.4,35.9,OBSTACLE,/home/ubuntu/software_ws/snapshots/20260421_201227_983_obstacle.jpg
2026-04-21 20:12:28.393,29.5,36.6,OBSTACLE,/home/ubuntu/software_ws/snapshots/20260421_201228_389_obstacle.jpg
2026-04-21 20:12:29.302,29.5,36.7,OBSTACLE,/home/ubuntu/software_ws/snapshots/20260421_201229_298_obstacle.jpg
2026-04-21 20:12:31.517,29.9,36.6,OBSTACLE,/home/ubuntu/software_ws/snapshots/20260421_201231_513_obstacle.jpg
2026-04-21 20:12:32.426,29.8,36.7,OBSTACLE,/home/ubuntu/software_ws/snapshots/20260421_201232_422_obstacle.jpg
2026-04-21 20:12:32.934,30.0,37.5,OBSTACLE,/home/ubuntu/software_ws/snapshots/20260421_201232_929_obstacle.jpg
2026-04-21 20:12:37.061,29.9,39.4,OBSTACLE,/home/ubuntu/software_ws/snapshots/20260421_201237_056_obstacle.jpg
2026-04-21 20:12:37.470,29.7,39.9,OBSTACLE,/home/ubuntu/software_ws/snapshots/20260421_201237_464_obstacle.jpg
2026-04-21 20:18:04.277,29.9,36.6,OBSTACLE,/home/ubuntu/software_ws/snapshots/20260421_201803_996_obstacle.jpg
2026-04-21 20:18:04.486,29.9,37.9,OBSTACLE,/home/ubuntu/software_ws/snapshots/20260421_201804_479_obstacle.jpg
2026-04-21 20:18:04.993,29.9,38.9,OBSTACLE,/home/ubuntu/software_ws/snapshots/20260421_201804_989_obstacle.jpg
2026-04-21 20:18:05.299,29.9,40.4,OBSTACLE,/home/ubuntu/software_ws/snapshots/20260421_201805_295_obstacle.jpg
2026-04-21 20:18:06.410,29.8,43.3,OBSTACLE,/home/ubuntu/software_ws/snapshots/20260421_201806_405_obstacle.jpg
2026-04-21 20:18:07.018,29.7,44.0,OBSTACLE,/home/ubuntu/software_ws/snapshots/20260421_201807_013_obstacle.jpg
2026-04-21 20:18:08.027,29.7,43.0,OBSTACLE,/home/ubuntu/software_ws/snapshots/20260421_201808_023_obstacle.jpg
2026-04-21 20:18:09.439,29.8,40.8,OBSTACLE,/home/ubuntu/software_ws/snapshots/20260421_201809_434_obstacle.jpg
2026-04-21 20:18:15.070,29.7,39.0,OBSTACLE,/home/ubuntu/software_ws/snapshots/20260421_201815_066_obstacle.jpg
2026-04-21 20:18:18.792,29.7,38.1,OBSTACLE,/home/ubuntu/software_ws/snapshots/20260421_201818_788_obstacle.jpg
2026-04-21 20:18:19.601,29.4,47.3,OBSTACLE,/home/ubuntu/software_ws/snapshots/20260421_201819_596_obstacle.jpg
2026-04-21 20:18:20.511,29.7,48.3,OBSTACLE,/home/ubuntu/software_ws/snapshots/20260421_201820_506_obstacle.jpg
2026-04-21 20:18:21.420,29.3,43.5,OBSTACLE,/home/ubuntu/software_ws/snapshots/20260421_201821_415_obstacle.jpg
2026-04-21 20:18:21.826,29.7,40.4,OBSTACLE,/home/ubuntu/software_ws/snapshots/20260421_201821_822_obstacle.jpg
2026-04-21 20:18:22.133,30.0,36.5,OBSTACLE,/home/ubuntu/software_ws/snapshots/20260421_201822_129_obstacle.jpg
2026-04-21 20:18:23.847,29.9,35.3,OBSTACLE,/home/ubuntu/software_ws/snapshots/20260421_201823_842_obstacle.jpg
2026-04-21 20:18:24.052,29.7,35.3,OBSTACLE,/home/ubuntu/software_ws/snapshots/20260421_201824_048_obstacle.jpg
2026-04-21 20:18:24.560,30.0,35.4,OBSTACLE,/home/ubuntu/software_ws/snapshots/20260421_201824_556_obstacle.jpg
2026-04-21 20:18:25.268,30.0,35.6,OBSTACLE,/home/ubuntu/software_ws/snapshots/20260421_201825_264_obstacle.jpg
2026-04-21 20:18:25.876,30.0,35.5,OBSTACLE,/home/ubuntu/software_ws/snapshots/20260421_201825_871_obstacle.jpg
2026-04-21 20:18:26.986,29.7,35.0,OBSTACLE,/home/ubuntu/software_ws/snapshots/20260421_201826_982_obstacle.jpg
2026-04-21 20:18:32.718,29.7,34.8,OBSTACLE,/home/ubuntu/software_ws/snapshots/20260421_201832_714_obstacle.jpg
2026-04-21 20:18:33.225,29.7,35.2,OBSTACLE,/home/ubuntu/software_ws/snapshots/20260421_201833_221_obstacle.jpg
2026-04-21 20:18:35.843,30.0,35.4,OBSTACLE,/home/ubuntu/software_ws/snapshots/20260421_201835_838_obstacle.jpg
2026-04-21 20:18:36.651,29.9,41.2,OBSTACLE,/home/ubuntu/software_ws/snapshots/20260421_201836_647_obstacle.jpg
2026-04-21 20:18:37.359,29.7,44.6,OBSTACLE,/home/ubuntu/software_ws/snapshots/20260421_201837_355_obstacle.jpg
2026-04-21 20:18:37.665,29.3,46.3,OBSTACLE,/home/ubuntu/software_ws/snapshots/20260421_201837_661_obstacle.jpg
2026-04-21 20:18:38.574,29.7,47.2,OBSTACLE,/home/ubuntu/software_ws/snapshots/20260421_201838_570_obstacle.jpg
2026-04-21 20:18:39.081,29.9,45.9,OBSTACLE,/home/ubuntu/software_ws/snapshots/20260421_201839_077_obstacle.jpg
2026-04-21 20:18:39.689,29.7,44.7,OBSTACLE,/home/ubuntu/software_ws/snapshots/20260421_201839_685_obstacle.jpg
2026-04-21 20:18:40.196,29.5,42.5,OBSTACLE,/home/ubuntu/software_ws/snapshots/20260421_201840_192_obstacle.jpg
2026-04-21 20:18:42.010,29.4,38.2,OBSTACLE,/home/ubuntu/software_ws/snapshots/20260421_201842_005_obstacle.jpg
2026-04-21 20:18:43.120,29.8,37.7,OBSTACLE,/home/ubuntu/software_ws/snapshots/20260421_201843_116_obstacle.jpg
2026-04-21 20:18:43.326,29.7,36.9,OBSTACLE,/home/ubuntu/software_ws/snapshots/20260421_201843_321_obstacle.jpg
2026-04-21 20:18:44.034,29.7,33.7,OBSTACLE,/home/ubuntu/software_ws/snapshots/20260421_201844_029_obstacle.jpg
2026-04-21 20:18:44.240,29.9,33.2,OBSTACLE,/home/ubuntu/software_ws/snapshots/20260421_201844_235_obstacle.jpg
2026-04-21 20:18:47.561,29.9,55.8,OBSTACLE,/home/ubuntu/software_ws/snapshots/20260421_201847_556_obstacle.jpg
2026-04-21 20:18:48.570,29.7,56.2,OBSTACLE,/home/ubuntu/software_ws/snapshots/20260421_201848_566_obstacle.jpg
2026-04-21 20:18:48.876,30.0,55.1,OBSTACLE,/home/ubuntu/software_ws/snapshots/20260421_201848_872_obstacle.jpg
2026-04-21 20:18:51.393,30.0,80.1,OBSTACLE,/home/ubuntu/software_ws/snapshots/20260421_201851_389_obstacle.jpg
2026-04-21 20:18:51.799,29.7,79.7,OBSTACLE,/home/ubuntu/software_ws/snapshots/20260421_201851_795_obstacle.jpg
2026-04-21 20:18:52.508,29.5,77.6,OBSTACLE,/home/ubuntu/software_ws/snapshots/20260421_201852_503_obstacle.jpg
2026-04-21 20:18:54.624,29.7,76.0,OBSTACLE,/home/ubuntu/software_ws/snapshots/20260421_201854_618_obstacle.jpg
2026-04-21 20:18:55.935,29.9,75.2,OBSTACLE,/home/ubuntu/software_ws/snapshots/20260421_201855_931_obstacle.jpg
2026-04-21 20:18:57.748,30.0,77.0,OBSTACLE,/home/ubuntu/software_ws/snapshots/20260421_201857_744_obstacle.jpg
2026-04-21 20:18:58.556,30.0,76.3,OBSTACLE,/home/ubuntu/software_ws/snapshots/20260421_201858_552_obstacle.jpg
2026-04-21 20:18:58.862,30.0,75.9,OBSTACLE,/home/ubuntu/software_ws/snapshots/20260421_201858_858_obstacle.jpg
2026-04-21 20:19:02.584,29.9,76.7,OBSTACLE,/home/ubuntu/software_ws/snapshots/20260421_201902_580_obstacle.jpg
2026-04-21 20:19:06.609,29.9,76.7,OBSTACLE,/home/ubuntu/software_ws/snapshots/20260421_201906_604_obstacle.jpg
2026-04-21 20:19:07.016,29.9,76.6,OBSTACLE,/home/ubuntu/software_ws/snapshots/20260421_201907_011_obstacle.jpg
2026-04-21 20:19:07.221,29.9,76.6,OBSTACLE,/home/ubuntu/software_ws/snapshots/20260421_201907_217_obstacle.jpg
2026-04-21 20:19:07.628,29.9,77.2,OBSTACLE,/home/ubuntu/software_ws/snapshots/20260421_201907_624_obstacle.jpg
2026-04-21 20:19:07.935,30.0,76.7,OBSTACLE,/home/ubuntu/software_ws/snapshots/20260421_201907_930_obstacle.jpg
2026-04-21 20:19:08.141,30.0,77.3,OBSTACLE,/home/ubuntu/software_ws/snapshots/20260421_201908_136_obstacle.jpg
2026-04-21 20:19:08.346,29.9,76.8,OBSTACLE,/home/ubuntu/software_ws/snapshots/20260421_201908_342_obstacle.jpg
2026-04-21 20:19:08.552,30.0,76.8,OBSTACLE,/home/ubuntu/software_ws/snapshots/20260421_201908_548_obstacle.jpg
2026-04-21 20:19:08.758,29.9,76.6,OBSTACLE,/home/ubuntu/software_ws/snapshots/20260421_201908_753_obstacle.jpg
2026-04-21 20:19:09.165,29.9,76.8,OBSTACLE,/home/ubuntu/software_ws/snapshots/20260421_201909_160_obstacle.jpg
2026-04-21 20:19:09.471,29.9,76.8,OBSTACLE,/home/ubuntu/software_ws/snapshots/20260421_201909_467_obstacle.jpg
2026-04-21 20:19:09.676,29.9,76.5,OBSTACLE,/home/ubuntu/software_ws/snapshots/20260421_201909_672_obstacle.jpg
2026-04-21 20:19:10.083,29.9,77.0,OBSTACLE,/home/ubuntu/software_ws/snapshots/20260421_201910_079_obstacle.jpg
2026-04-21 20:19:10.389,29.9,76.9,OBSTACLE,/home/ubuntu/software_ws/snapshots/20260421_201910_385_obstacle.jpg
2026-04-21 20:19:10.695,30.0,77.5,OBSTACLE,/home/ubuntu/software_ws/snapshots/20260421_201910_691_obstacle.jpg
2026-04-21 20:19:11.102,29.9,76.6,OBSTACLE,/home/ubuntu/software_ws/snapshots/20260421_201911_097_obstacle.jpg
2026-04-21 20:19:12.514,29.9,75.9,OBSTACLE,/home/ubuntu/software_ws/snapshots/20260421_201912_509_obstacle.jpg
2026-04-21 20:19:13.022,29.9,76.9,OBSTACLE,/home/ubuntu/software_ws/snapshots/20260421_201913_017_obstacle.jpg
2026-04-21 20:19:14.635,29.9,77.8,OBSTACLE,/home/ubuntu/software_ws/snapshots/20260421_201914_630_obstacle.jpg
2026-04-21 20:19:15.041,29.9,76.9,OBSTACLE,/home/ubuntu/software_ws/snapshots/20260421_201915_037_obstacle.jpg
2026-04-21 20:19:16.151,29.9,77.0,OBSTACLE,/home/ubuntu/software_ws/snapshots/20260421_201916_147_obstacle.jpg
2026-04-21 20:19:16.457,29.9,76.6,OBSTACLE,/home/ubuntu/software_ws/snapshots/20260421_201916_453_obstacle.jpg
2026-04-21 20:19:16.864,29.9,76.5,OBSTACLE,/home/ubuntu/software_ws/snapshots/20260421_201916_860_obstacle.jpg
2026-04-21 20:19:17.170,29.9,76.9,OBSTACLE,/home/ubuntu/software_ws/snapshots/20260421_201917_166_obstacle.jpg
2026-04-21 20:19:17.878,29.9,77.0,OBSTACLE,/home/ubuntu/software_ws/snapshots/20260421_201917_874_obstacle.jpg
2026-04-21 20:19:18.084,29.9,77.5,OBSTACLE,/home/ubuntu/software_ws/snapshots/20260421_201918_080_obstacle.jpg
2026-04-21 20:19:19.093,29.9,76.9,OBSTACLE,/home/ubuntu/software_ws/snapshots/20260421_201919_089_obstacle.jpg
2026-04-21 20:19:19.299,29.9,76.8,OBSTACLE,/home/ubuntu/software_ws/snapshots/20260421_201919_295_obstacle.jpg
2026-04-21 20:19:19.907,29.9,77.1,OBSTACLE,/home/ubuntu/software_ws/snapshots/20260421_201919_902_obstacle.jpg
2026-04-21 20:19:20.213,29.9,76.6,OBSTACLE,/home/ubuntu/software_ws/snapshots/20260421_201920_209_obstacle.jpg
2026-04-21 20:19:20.620,29.9,76.7,OBSTACLE,/home/ubuntu/software_ws/snapshots/20260421_201920_616_obstacle.jpg
2026-04-21 20:19:21.026,30.0,77.3,OBSTACLE,/home/ubuntu/software_ws/snapshots/20260421_201921_022_obstacle.jpg
2026-04-21 20:19:21.735,29.9,77.4,OBSTACLE,/home/ubuntu/software_ws/snapshots/20260421_201921_730_obstacle.jpg
2026-04-21 20:19:22.041,29.9,76.8,OBSTACLE,/home/ubuntu/software_ws/snapshots/20260421_201922_037_obstacle.jpg
2026-04-21 20:19:22.849,29.9,76.2,OBSTACLE,/home/ubuntu/software_ws/snapshots/20260421_201922_845_obstacle.jpg
2026-04-21 20:19:23.557,29.9,77.0,OBSTACLE,/home/ubuntu/software_ws/snapshots/20260421_201923_553_obstacle.jpg
2026-04-21 20:19:24.466,30.0,77.2,OBSTACLE,/home/ubuntu/software_ws/snapshots/20260421_201924_462_obstacle.jpg
2026-04-21 20:19:25.074,29.9,77.2,OBSTACLE,/home/ubuntu/software_ws/snapshots/20260421_201925_070_obstacle.jpg
2026-04-21 20:19:25.581,30.0,76.9,OBSTACLE,/home/ubuntu/software_ws/snapshots/20260421_201925_577_obstacle.jpg
2026-04-21 20:19:26.491,29.9,76.5,OBSTACLE,/home/ubuntu/software_ws/snapshots/20260421_201926_486_obstacle.jpg
2026-04-21 20:19:27.299,29.9,77.5,OBSTACLE,/home/ubuntu/software_ws/snapshots/20260421_201927_295_obstacle.jpg
2026-04-21 20:19:27.505,30.0,76.9,OBSTACLE,/home/ubuntu/software_ws/snapshots/20260421_201927_500_obstacle.jpg
2026-04-21 20:19:28.314,29.9,76.5,OBSTACLE,/home/ubuntu/software_ws/snapshots/20260421_201928_310_obstacle.jpg
2026-04-21 20:19:28.520,29.9,76.8,OBSTACLE,/home/ubuntu/software_ws/snapshots/20260421_201928_515_obstacle.jpg
2026-04-21 20:19:29.932,30.0,76.6,OBSTACLE,/home/ubuntu/software_ws/snapshots/20260421_201929_927_obstacle.jpg
2026-04-21 20:19:30.339,29.9,76.8,OBSTACLE,/home/ubuntu/software_ws/snapshots/20260421_201930_334_obstacle.jpg
2026-04-21 20:19:30.544,29.9,76.6,OBSTACLE,/home/ubuntu/software_ws/snapshots/20260421_201930_540_obstacle.jpg
2026-04-21 20:19:30.951,30.0,76.8,OBSTACLE,/home/ubuntu/software_ws/snapshots/20260421_201930_947_obstacle.jpg
2026-04-21 20:19:31.759,29.9,76.8,OBSTACLE,/home/ubuntu/software_ws/snapshots/20260421_201931_755_obstacle.jpg
2026-04-21 20:19:31.965,29.9,77.5,OBSTACLE,/home/ubuntu/software_ws/snapshots/20260421_201931_961_obstacle.jpg
2026-04-21 20:19:32.271,29.9,76.7,OBSTACLE,/home/ubuntu/software_ws/snapshots/20260421_201932_267_obstacle.jpg
2026-04-21 20:19:33.181,29.9,76.6,OBSTACLE,/home/ubuntu/software_ws/snapshots/20260421_201933_176_obstacle.jpg
2026-04-21 20:19:33.889,30.0,77.1,OBSTACLE,/home/ubuntu/software_ws/snapshots/20260421_201933_884_obstacle.jpg
2026-04-21 20:19:34.195,29.9,77.9,OBSTACLE,/home/ubuntu/software_ws/snapshots/20260421_201934_191_obstacle.jpg
2026-04-21 20:19:34.501,30.0,77.9,OBSTACLE,/home/ubuntu/software_ws/snapshots/20260421_201934_496_obstacle.jpg
2026-04-21 20:19:34.907,29.9,77.0,OBSTACLE,/home/ubuntu/software_ws/snapshots/20260421_201934_903_obstacle.jpg
2026-04-21 20:19:35.214,29.9,76.8,OBSTACLE,/home/ubuntu/software_ws/snapshots/20260421_201935_209_obstacle.jpg
2026-04-21 20:19:35.721,29.9,77.3,OBSTACLE,/home/ubuntu/software_ws/snapshots/20260421_201935_716_obstacle.jpg
2026-04-21 20:19:36.329,29.9,77.3,OBSTACLE,/home/ubuntu/software_ws/snapshots/20260421_201936_324_obstacle.jpg
2026-04-21 20:19:36.736,29.9,76.7,OBSTACLE,/home/ubuntu/software_ws/snapshots/20260421_201936_732_obstacle.jpg
2026-04-21 20:19:37.244,30.0,76.9,OBSTACLE,/home/ubuntu/software_ws/snapshots/20260421_201937_239_obstacle.jpg
2026-04-21 20:19:37.450,30.0,77.5,OBSTACLE,/home/ubuntu/software_ws/snapshots/20260421_201937_446_obstacle.jpg
2026-04-21 20:19:37.756,29.9,76.7,OBSTACLE,/home/ubuntu/software_ws/snapshots/20260421_201937_752_obstacle.jpg
2026-04-21 20:19:38.363,29.9,77.0,OBSTACLE,/home/ubuntu/software_ws/snapshots/20260421_201938_359_obstacle.jpg
2026-04-21 20:19:38.568,29.9,77.4,OBSTACLE,/home/ubuntu/software_ws/snapshots/20260421_201938_564_obstacle.jpg
2026-04-21 20:19:39.176,30.0,76.9,OBSTACLE,/home/ubuntu/software_ws/snapshots/20260421_201939_172_obstacle.jpg
2026-04-21 20:19:39.381,29.9,76.6,OBSTACLE,/home/ubuntu/software_ws/snapshots/20260421_201939_377_obstacle.jpg
2026-04-21 20:19:40.089,30.0,77.3,OBSTACLE,/home/ubuntu/software_ws/snapshots/20260421_201940_085_obstacle.jpg
2026-04-21 20:19:40.697,30.0,76.7,OBSTACLE,/home/ubuntu/software_ws/snapshots/20260421_201940_692_obstacle.jpg
2026-04-21 20:19:40.902,29.9,77.2,OBSTACLE,/home/ubuntu/software_ws/snapshots/20260421_201940_898_obstacle.jpg
2026-04-21 20:19:41.912,30.0,77.4,OBSTACLE,/home/ubuntu/software_ws/snapshots/20260421_201941_908_obstacle.jpg
2026-04-21 20:19:42.118,29.9,76.3,OBSTACLE,/home/ubuntu/software_ws/snapshots/20260421_201942_113_obstacle.jpg
2026-04-21 20:19:42.524,30.0,77.3,OBSTACLE,/home/ubuntu/software_ws/snapshots/20260421_201942_520_obstacle.jpg
2026-04-21 20:19:42.831,30.0,76.9,OBSTACLE,/home/ubuntu/software_ws/snapshots/20260421_201942_826_obstacle.jpg
2026-04-21 20:19:44.344,30.0,77.0,OBSTACLE,/home/ubuntu/software_ws/snapshots/20260421_201944_339_obstacle.jpg
2026-04-21 20:19:44.872,29.9,76.2,OBSTACLE,/home/ubuntu/software_ws/snapshots/20260421_201944_866_obstacle.jpg
2026-04-21 20:19:45.180,30.0,76.8,OBSTACLE,/home/ubuntu/software_ws/snapshots/20260421_201945_174_obstacle.jpg
2026-04-21 20:19:45.487,30.0,76.6,OBSTACLE,/home/ubuntu/software_ws/snapshots/20260421_201945_483_obstacle.jpg
2026-04-21 20:19:45.793,30.0,77.7,OBSTACLE,/home/ubuntu/software_ws/snapshots/20260421_201945_789_obstacle.jpg
2026-04-21 20:19:46.702,30.0,77.2,OBSTACLE,/home/ubuntu/software_ws/snapshots/20260421_201946_698_obstacle.jpg
2026-04-21 20:19:47.008,29.9,77.0,OBSTACLE,/home/ubuntu/software_ws/snapshots/20260421_201947_004_obstacle.jpg
2026-04-21 20:19:47.515,30.0,76.7,OBSTACLE,/home/ubuntu/software_ws/snapshots/20260421_201947_511_obstacle.jpg
2026-04-21 20:19:49.227,29.9,77.1,OBSTACLE,/home/ubuntu/software_ws/snapshots/20260421_201949_223_obstacle.jpg
2026-04-21 20:19:49.734,29.9,76.3,OBSTACLE,/home/ubuntu/software_ws/snapshots/20260421_201949_730_obstacle.jpg
2026-04-21 20:19:50.242,29.9,77.4,OBSTACLE,/home/ubuntu/software_ws/snapshots/20260421_201950_237_obstacle.jpg
2026-04-21 20:19:50.649,30.0,77.4,OBSTACLE,/home/ubuntu/software_ws/snapshots/20260421_201950_644_obstacle.jpg
2026-04-21 20:19:51.057,29.9,76.4,OBSTACLE,/home/ubuntu/software_ws/snapshots/20260421_201951_052_obstacle.jpg
2026-04-21 20:19:51.262,29.9,77.0,OBSTACLE,/home/ubuntu/software_ws/snapshots/20260421_201951_258_obstacle.jpg
2026-04-21 20:19:52.070,30.0,76.9,OBSTACLE,/home/ubuntu/software_ws/snapshots/20260421_201952_066_obstacle.jpg
2026-04-21 20:19:52.577,29.9,76.7,OBSTACLE,/home/ubuntu/software_ws/snapshots/20260421_201952_573_obstacle.jpg
2026-04-21 20:19:52.983,29.9,77.4,OBSTACLE,/home/ubuntu/software_ws/snapshots/20260421_201952_979_obstacle.jpg
2026-04-21 20:19:53.590,29.9,77.0,OBSTACLE,/home/ubuntu/software_ws/snapshots/20260421_201953_586_obstacle.jpg
2026-04-21 20:19:54.197,29.9,76.4,OBSTACLE,/home/ubuntu/software_ws/snapshots/20260421_201954_193_obstacle.jpg
2026-04-21 20:19:56.111,30.0,76.4,OBSTACLE,/home/ubuntu/software_ws/snapshots/20260421_201956_107_obstacle.jpg
2026-04-21 20:19:56.417,30.0,76.9,OBSTACLE,/home/ubuntu/software_ws/snapshots/20260421_201956_413_obstacle.jpg
2026-04-21 20:19:56.823,29.9,76.9,OBSTACLE,/home/ubuntu/software_ws/snapshots/20260421_201956_819_obstacle.jpg
2026-04-21 20:20:01.450,30.0,77.2,OBSTACLE,/home/ubuntu/software_ws/snapshots/20260421_202001_446_obstacle.jpg
2026-04-21 20:20:02.359,30.0,77.0,OBSTACLE,/home/ubuntu/software_ws/snapshots/20260421_202002_355_obstacle.jpg
2026-04-21 20:20:03.167,29.9,76.4,OBSTACLE,/home/ubuntu/software_ws/snapshots/20260421_202003_163_obstacle.jpg
2026-04-21 20:20:03.675,29.9,77.2,OBSTACLE,/home/ubuntu/software_ws/snapshots/20260421_202003_670_obstacle.jpg
2026-04-21 20:20:04.382,29.9,77.2,OBSTACLE,/home/ubuntu/software_ws/snapshots/20260421_202004_378_obstacle.jpg
2026-04-21 20:20:04.789,30.0,77.3,OBSTACLE,/home/ubuntu/software_ws/snapshots/20260421_202004_785_obstacle.jpg
2026-04-21 20:20:05.296,29.9,77.3,OBSTACLE,/home/ubuntu/software_ws/snapshots/20260421_202005_292_obstacle.jpg
2026-04-21 20:20:05.502,29.9,77.0,OBSTACLE,/home/ubuntu/software_ws/snapshots/20260421_202005_497_obstacle.jpg
2026-04-21 20:20:06.312,29.9,77.4,OBSTACLE,/home/ubuntu/software_ws/snapshots/20260421_202006_307_obstacle.jpg
2026-04-21 20:20:06.617,29.9,77.3,OBSTACLE,/home/ubuntu/software_ws/snapshots/20260421_202006_613_obstacle.jpg
2026-04-21 20:20:06.823,29.9,77.9,OBSTACLE,/home/ubuntu/software_ws/snapshots/20260421_202006_819_obstacle.jpg
2026-04-21 20:20:07.530,29.9,76.9,OBSTACLE,/home/ubuntu/software_ws/snapshots/20260421_202007_526_obstacle.jpg
2026-04-21 20:20:07.836,30.0,76.9,OBSTACLE,/home/ubuntu/software_ws/snapshots/20260421_202007_832_obstacle.jpg
2026-04-21 20:20:08.045,30.0,77.0,OBSTACLE,/home/ubuntu/software_ws/snapshots/20260421_202008_038_obstacle.jpg
2026-04-21 20:20:08.251,29.9,76.8,OBSTACLE,/home/ubuntu/software_ws/snapshots/20260421_202008_247_obstacle.jpg
2026-04-21 20:20:08.859,30.0,76.4,OBSTACLE,/home/ubuntu/software_ws/snapshots/20260421_202008_854_obstacle.jpg
2026-04-21 20:20:09.366,30.0,77.5,OBSTACLE,/home/ubuntu/software_ws/snapshots/20260421_202009_362_obstacle.jpg
2026-04-21 20:20:09.772,29.9,76.9,OBSTACLE,/home/ubuntu/software_ws/snapshots/20260421_202009_768_obstacle.jpg
2026-04-21 20:20:10.380,29.9,76.8,OBSTACLE,/home/ubuntu/software_ws/snapshots/20260421_202010_376_obstacle.jpg
2026-04-21 20:20:10.685,30.0,76.5,OBSTACLE,/home/ubuntu/software_ws/snapshots/20260421_202010_681_obstacle.jpg
2026-04-21 20:20:11.092,29.9,76.5,OBSTACLE,/home/ubuntu/software_ws/snapshots/20260421_202011_088_obstacle.jpg
2026-04-21 20:20:12.101,29.9,76.3,OBSTACLE,/home/ubuntu/software_ws/snapshots/20260421_202012_097_obstacle.jpg
2026-04-21 20:20:12.306,30.0,77.3,OBSTACLE,/home/ubuntu/software_ws/snapshots/20260421_202012_302_obstacle.jpg
2026-04-21 20:20:12.511,29.9,77.5,OBSTACLE,/home/ubuntu/software_ws/snapshots/20260421_202012_507_obstacle.jpg
2026-04-21 20:20:12.818,29.9,77.4,OBSTACLE,/home/ubuntu/software_ws/snapshots/20260421_202012_813_obstacle.jpg
2026-04-21 20:20:13.224,29.9,77.8,OBSTACLE,/home/ubuntu/software_ws/snapshots/20260421_202013_220_obstacle.jpg
2026-04-21 20:20:13.530,30.0,76.8,OBSTACLE,/home/ubuntu/software_ws/snapshots/20260421_202013_526_obstacle.jpg
2026-04-21 20:20:14.237,29.9,76.3,OBSTACLE,/home/ubuntu/software_ws/snapshots/20260421_202014_233_obstacle.jpg
2026-04-21 20:20:14.443,29.9,76.7,OBSTACLE,/home/ubuntu/software_ws/snapshots/20260421_202014_439_obstacle.jpg
2026-04-21 20:20:14.648,29.9,76.9,OBSTACLE,/home/ubuntu/software_ws/snapshots/20260421_202014_644_obstacle.jpg
2026-04-21 20:20:14.954,29.9,77.7,OBSTACLE,/home/ubuntu/software_ws/snapshots/20260421_202014_950_obstacle.jpg
2026-04-21 20:20:15.561,30.0,76.7,OBSTACLE,/home/ubuntu/software_ws/snapshots/20260421_202015_557_obstacle.jpg
2026-04-21 20:20:15.868,29.9,77.0,OBSTACLE,/home/ubuntu/software_ws/snapshots/20260421_202015_864_obstacle.jpg
2026-04-21 20:20:16.173,29.9,77.3,OBSTACLE,/home/ubuntu/software_ws/snapshots/20260421_202016_169_obstacle.jpg
2026-04-21 20:20:16.680,29.9,76.9,OBSTACLE,/home/ubuntu/software_ws/snapshots/20260421_202016_676_obstacle.jpg
2026-04-21 20:20:16.886,29.9,77.2,OBSTACLE,/home/ubuntu/software_ws/snapshots/20260421_202016_882_obstacle.jpg
2026-04-21 20:20:17.192,30.0,76.7,OBSTACLE,/home/ubuntu/software_ws/snapshots/20260421_202017_188_obstacle.jpg
2026-04-21 20:20:17.799,30.0,76.3,OBSTACLE,/home/ubuntu/software_ws/snapshots/20260421_202017_795_obstacle.jpg
2026-04-21 20:20:18.005,30.0,77.1,OBSTACLE,/home/ubuntu/software_ws/snapshots/20260421_202018_000_obstacle.jpg
2026-04-21 20:20:18.512,29.9,76.6,OBSTACLE,/home/ubuntu/software_ws/snapshots/20260421_202018_508_obstacle.jpg
2026-04-21 20:20:19.521,30.0,77.2,OBSTACLE,/home/ubuntu/software_ws/snapshots/20260421_202019_517_obstacle.jpg
2026-04-21 20:20:19.727,29.9,76.9,OBSTACLE,/home/ubuntu/software_ws/snapshots/20260421_202019_723_obstacle.jpg
2026-04-21 20:20:20.535,29.9,76.3,OBSTACLE,/home/ubuntu/software_ws/snapshots/20260421_202020_531_obstacle.jpg
2026-04-21 20:20:22.148,29.9,77.3,OBSTACLE,/home/ubuntu/software_ws/snapshots/20260421_202022_143_obstacle.jpg
2026-04-21 20:20:23.258,29.9,76.5,OBSTACLE,/home/ubuntu/software_ws/snapshots/20260421_202023_253_obstacle.jpg
2026-04-21 20:20:23.866,29.9,77.1,OBSTACLE,/home/ubuntu/software_ws/snapshots/20260421_202023_861_obstacle.jpg
2026-04-21 20:20:24.876,29.9,77.2,OBSTACLE,/home/ubuntu/software_ws/snapshots/20260421_202024_871_obstacle.jpg
2026-04-21 20:20:25.282,29.9,76.5,OBSTACLE,/home/ubuntu/software_ws/snapshots/20260421_202025_278_obstacle.jpg
2026-04-21 20:20:29.507,30.0,75.9,OBSTACLE,/home/ubuntu/software_ws/snapshots/20260421_202029_503_obstacle.jpg
2026-04-21 20:20:30.215,30.0,76.3,OBSTACLE,/home/ubuntu/software_ws/snapshots/20260421_202030_211_obstacle.jpg
2026-04-21 20:20:30.420,29.9,76.5,OBSTACLE,/home/ubuntu/software_ws/snapshots/20260421_202030_416_obstacle.jpg
2026-04-21 20:20:30.826,29.9,77.3,OBSTACLE,/home/ubuntu/software_ws/snapshots/20260421_202030_822_obstacle.jpg
2026-04-21 20:20:31.132,29.9,77.4,OBSTACLE,/home/ubuntu/software_ws/snapshots/20260421_202031_128_obstacle.jpg
2026-04-21 20:20:31.941,29.9,76.5,OBSTACLE,/home/ubuntu/software_ws/snapshots/20260421_202031_936_obstacle.jpg
2026-04-21 20:20:33.151,30.0,76.6,OBSTACLE,/home/ubuntu/software_ws/snapshots/20260421_202033_147_obstacle.jpg
2026-04-21 20:20:33.659,30.0,77.3,OBSTACLE,/home/ubuntu/software_ws/snapshots/20260421_202033_654_obstacle.jpg
2026-04-21 20:20:33.965,30.0,76.5,OBSTACLE,/home/ubuntu/software_ws/snapshots/20260421_202033_960_obstacle.jpg
2026-04-21 20:20:34.171,30.0,77.0,OBSTACLE,/home/ubuntu/software_ws/snapshots/20260421_202034_166_obstacle.jpg
2026-04-21 20:20:34.678,30.0,76.6,OBSTACLE,/home/ubuntu/software_ws/snapshots/20260421_202034_674_obstacle.jpg
2026-04-21 20:20:34.984,29.9,76.2,OBSTACLE,/home/ubuntu/software_ws/snapshots/20260421_202034_980_obstacle.jpg
2026-04-21 20:20:35.692,29.9,76.4,OBSTACLE,/home/ubuntu/software_ws/snapshots/20260421_202035_688_obstacle.jpg
2026-04-21 20:20:35.998,30.0,75.9,OBSTACLE,/home/ubuntu/software_ws/snapshots/20260421_202035_994_obstacle.jpg
2026-04-21 20:20:36.405,30.0,76.7,OBSTACLE,/home/ubuntu/software_ws/snapshots/20260421_202036_401_obstacle.jpg
2026-04-21 20:20:36.611,29.9,76.7,OBSTACLE,/home/ubuntu/software_ws/snapshots/20260421_202036_607_obstacle.jpg
2026-04-21 20:20:36.917,30.0,77.7,OBSTACLE,/home/ubuntu/software_ws/snapshots/20260421_202036_913_obstacle.jpg
2026-04-21 20:20:37.122,29.9,76.8,OBSTACLE,/home/ubuntu/software_ws/snapshots/20260421_202037_118_obstacle.jpg
2026-04-21 20:20:37.428,29.9,76.6,OBSTACLE,/home/ubuntu/software_ws/snapshots/20260421_202037_424_obstacle.jpg
2026-04-21 20:20:37.634,29.9,77.2,OBSTACLE,/home/ubuntu/software_ws/snapshots/20260421_202037_630_obstacle.jpg
2026-04-21 20:20:38.342,30.0,76.8,OBSTACLE,/home/ubuntu/software_ws/snapshots/20260421_202038_338_obstacle.jpg
2026-04-21 20:20:38.547,29.9,77.1,OBSTACLE,/home/ubuntu/software_ws/snapshots/20260421_202038_543_obstacle.jpg
2026-04-21 20:20:45.586,29.9,76.5,OBSTACLE,/home/ubuntu/software_ws/snapshots/20260421_202045_582_obstacle.jpg
2026-04-21 20:20:46.193,29.9,76.5,OBSTACLE,/home/ubuntu/software_ws/snapshots/20260421_202046_189_obstacle.jpg
2026-04-21 20:20:46.700,30.0,76.8,OBSTACLE,/home/ubuntu/software_ws/snapshots/20260421_202046_696_obstacle.jpg
2026-04-21 20:20:47.006,29.9,76.6,OBSTACLE,/home/ubuntu/software_ws/snapshots/20260421_202047_002_obstacle.jpg
2026-04-21 20:20:48.217,30.0,76.6,OBSTACLE,/home/ubuntu/software_ws/snapshots/20260421_202048_212_obstacle.jpg
2026-04-21 20:20:49.025,30.0,77.0,OBSTACLE,/home/ubuntu/software_ws/snapshots/20260421_202049_021_obstacle.jpg
2026-04-21 20:20:49.332,29.9,76.9,OBSTACLE,/home/ubuntu/software_ws/snapshots/20260421_202049_327_obstacle.jpg
2026-04-21 20:20:49.537,29.9,75.8,OBSTACLE,/home/ubuntu/software_ws/snapshots/20260421_202049_533_obstacle.jpg
2026-04-21 20:20:49.743,30.0,76.8,OBSTACLE,/home/ubuntu/software_ws/snapshots/20260421_202049_739_obstacle.jpg
2026-04-21 20:20:50.350,29.9,75.6,OBSTACLE,/home/ubuntu/software_ws/snapshots/20260421_202050_346_obstacle.jpg
2026-04-21 20:20:50.858,29.9,76.2,OBSTACLE,/home/ubuntu/software_ws/snapshots/20260421_202050_853_obstacle.jpg
2026-04-21 20:20:51.164,29.9,76.6,OBSTACLE,/home/ubuntu/software_ws/snapshots/20260421_202051_159_obstacle.jpg
2026-04-21 20:20:51.774,30.0,76.4,OBSTACLE,/home/ubuntu/software_ws/snapshots/20260421_202051_767_obstacle.jpg
2026-04-21 20:20:52.482,29.9,76.7,OBSTACLE,/home/ubuntu/software_ws/snapshots/20260421_202052_478_obstacle.jpg
2026-04-21 20:20:52.889,30.0,77.1,OBSTACLE,/home/ubuntu/software_ws/snapshots/20260421_202052_885_obstacle.jpg
2026-04-21 20:20:53.597,30.0,76.4,OBSTACLE,/home/ubuntu/software_ws/snapshots/20260421_202053_593_obstacle.jpg
2026-04-21 20:20:54.003,29.9,76.7,OBSTACLE,/home/ubuntu/software_ws/snapshots/20260421_202053_999_obstacle.jpg
2026-04-21 20:20:54.413,30.0,76.5,OBSTACLE,/home/ubuntu/software_ws/snapshots/20260421_202054_409_obstacle.jpg
2026-04-21 20:20:55.422,30.0,76.8,OBSTACLE,/home/ubuntu/software_ws/snapshots/20260421_202055_418_obstacle.jpg
2026-04-21 20:20:56.130,29.9,76.7,OBSTACLE,/home/ubuntu/software_ws/snapshots/20260421_202056_126_obstacle.jpg
2026-04-21 20:20:56.336,29.9,76.2,OBSTACLE,/home/ubuntu/software_ws/snapshots/20260421_202056_331_obstacle.jpg
2026-04-21 20:20:57.144,29.9,76.6,OBSTACLE,/home/ubuntu/software_ws/snapshots/20260421_202057_140_obstacle.jpg
2026-04-21 20:20:57.550,30.0,76.6,OBSTACLE,/home/ubuntu/software_ws/snapshots/20260421_202057_546_obstacle.jpg
2026-04-21 20:20:58.459,29.9,76.6,OBSTACLE,/home/ubuntu/software_ws/snapshots/20260421_202058_455_obstacle.jpg
2026-04-21 20:20:58.865,29.9,77.2,OBSTACLE,/home/ubuntu/software_ws/snapshots/20260421_202058_861_obstacle.jpg
2026-04-21 20:20:59.171,29.9,76.4,OBSTACLE,/home/ubuntu/software_ws/snapshots/20260421_202059_167_obstacle.jpg
2026-04-21 20:20:59.377,30.0,77.2,OBSTACLE,/home/ubuntu/software_ws/snapshots/20260421_202059_373_obstacle.jpg
2026-04-21 20:20:59.884,29.9,76.2,OBSTACLE,/home/ubuntu/software_ws/snapshots/20260421_202059_879_obstacle.jpg
2026-04-21 20:21:00.592,30.0,77.4,OBSTACLE,/home/ubuntu/software_ws/snapshots/20260421_202100_588_obstacle.jpg
2026-04-21 20:21:01.100,30.0,77.1,OBSTACLE,/home/ubuntu/software_ws/snapshots/20260421_202101_095_obstacle.jpg
2026-04-21 20:21:02.009,29.9,77.3,OBSTACLE,/home/ubuntu/software_ws/snapshots/20260421_202102_004_obstacle.jpg
2026-04-21 20:21:02.315,29.9,76.8,OBSTACLE,/home/ubuntu/software_ws/snapshots/20260421_202102_311_obstacle.jpg
2026-04-21 20:21:02.822,29.9,76.4,OBSTACLE,/home/ubuntu/software_ws/snapshots/20260421_202102_818_obstacle.jpg
2026-04-21 20:21:03.128,30.0,76.9,OBSTACLE,/home/ubuntu/software_ws/snapshots/20260421_202103_124_obstacle.jpg
2026-04-21 20:21:03.434,29.9,77.1,OBSTACLE,/home/ubuntu/software_ws/snapshots/20260421_202103_430_obstacle.jpg
2026-04-21 20:21:03.641,30.0,77.1,OBSTACLE,/home/ubuntu/software_ws/snapshots/20260421_202103_636_obstacle.jpg
2026-04-21 20:21:04.349,29.9,77.3,OBSTACLE,/home/ubuntu/software_ws/snapshots/20260421_202104_345_obstacle.jpg
2026-04-21 20:21:04.655,30.0,77.2,OBSTACLE,/home/ubuntu/software_ws/snapshots/20260421_202104_651_obstacle.jpg
2026-04-21 20:21:05.263,29.9,76.5,OBSTACLE,/home/ubuntu/software_ws/snapshots/20260421_202105_258_obstacle.jpg
2026-04-21 20:21:05.670,29.9,76.8,OBSTACLE,/home/ubuntu/software_ws/snapshots/20260421_202105_665_obstacle.jpg
2026-04-21 20:21:06.479,30.0,77.0,OBSTACLE,/home/ubuntu/software_ws/snapshots/20260421_202106_474_obstacle.jpg
2026-04-21 20:21:06.986,29.9,77.2,OBSTACLE,/home/ubuntu/software_ws/snapshots/20260421_202106_981_obstacle.jpg
2026-04-21 20:21:07.594,29.9,77.1,OBSTACLE,/home/ubuntu/software_ws/snapshots/20260421_202107_590_obstacle.jpg
2026-04-21 20:21:07.799,30.0,76.4,OBSTACLE,/home/ubuntu/software_ws/snapshots/20260421_202107_795_obstacle.jpg
2026-04-21 20:21:08.306,30.0,76.4,OBSTACLE,/home/ubuntu/software_ws/snapshots/20260421_202108_302_obstacle.jpg
2026-04-21 20:21:08.512,29.9,77.1,OBSTACLE,/home/ubuntu/software_ws/snapshots/20260421_202108_508_obstacle.jpg
2026-04-21 20:21:08.918,30.0,77.2,OBSTACLE,/home/ubuntu/software_ws/snapshots/20260421_202108_914_obstacle.jpg
2026-04-21 20:21:09.526,30.0,77.0,OBSTACLE,/home/ubuntu/software_ws/snapshots/20260421_202109_522_obstacle.jpg
2026-04-21 20:21:09.832,30.0,77.0,OBSTACLE,/home/ubuntu/software_ws/snapshots/20260421_202109_828_obstacle.jpg
2026-04-21 20:21:10.038,29.9,76.5,OBSTACLE,/home/ubuntu/software_ws/snapshots/20260421_202110_034_obstacle.jpg
2026-04-21 20:21:10.344,30.0,77.6,OBSTACLE,/home/ubuntu/software_ws/snapshots/20260421_202110_340_obstacle.jpg
2026-04-21 20:21:10.550,30.0,76.6,OBSTACLE,/home/ubuntu/software_ws/snapshots/20260421_202110_546_obstacle.jpg
2026-04-21 20:21:10.756,30.0,77.1,OBSTACLE,/home/ubuntu/software_ws/snapshots/20260421_202110_751_obstacle.jpg
2026-04-21 20:21:11.062,30.0,76.8,OBSTACLE,/home/ubuntu/software_ws/snapshots/20260421_202111_058_obstacle.jpg
2026-04-21 20:21:11.369,30.0,76.6,OBSTACLE,/home/ubuntu/software_ws/snapshots/20260421_202111_364_obstacle.jpg
2026-04-21 20:21:11.674,30.0,77.1,OBSTACLE,/home/ubuntu/software_ws/snapshots/20260421_202111_670_obstacle.jpg
2026-04-21 20:21:11.980,30.0,77.5,OBSTACLE,/home/ubuntu/software_ws/snapshots/20260421_202111_976_obstacle.jpg
2026-04-21 20:21:12.989,30.0,76.8,OBSTACLE,/home/ubuntu/software_ws/snapshots/20260421_202112_985_obstacle.jpg
2026-04-21 20:21:13.905,30.0,77.2,OBSTACLE,/home/ubuntu/software_ws/snapshots/20260421_202113_901_obstacle.jpg
2026-04-21 20:21:14.614,29.9,77.4,OBSTACLE,/home/ubuntu/software_ws/snapshots/20260421_202114_610_obstacle.jpg
2026-04-21 20:21:15.131,30.0,77.7,OBSTACLE,/home/ubuntu/software_ws/snapshots/20260421_202115_127_obstacle.jpg
2026-04-21 20:21:16.443,29.9,76.2,OBSTACLE,/home/ubuntu/software_ws/snapshots/20260421_202116_439_obstacle.jpg
2026-04-21 20:21:16.850,29.9,77.5,OBSTACLE,/home/ubuntu/software_ws/snapshots/20260421_202116_845_obstacle.jpg
2026-04-21 20:21:17.055,30.0,77.0,OBSTACLE,/home/ubuntu/software_ws/snapshots/20260421_202117_051_obstacle.jpg
2026-04-21 20:21:18.266,30.0,77.4,OBSTACLE,/home/ubuntu/software_ws/snapshots/20260421_202118_261_obstacle.jpg
2026-04-21 20:21:18.471,30.0,77.8,OBSTACLE,/home/ubuntu/software_ws/snapshots/20260421_202118_467_obstacle.jpg
2026-04-21 20:21:18.978,30.0,77.3,OBSTACLE,/home/ubuntu/software_ws/snapshots/20260421_202118_974_obstacle.jpg
2026-04-21 20:21:19.285,29.9,77.7,OBSTACLE,/home/ubuntu/software_ws/snapshots/20260421_202119_280_obstacle.jpg
2026-04-21 20:21:19.792,30.0,77.1,OBSTACLE,/home/ubuntu/software_ws/snapshots/20260421_202119_787_obstacle.jpg
2026-04-21 20:21:20.302,30.0,77.2,OBSTACLE,/home/ubuntu/software_ws/snapshots/20260421_202120_297_obstacle.jpg
2026-04-21 20:21:20.507,30.0,76.2,OBSTACLE,/home/ubuntu/software_ws/snapshots/20260421_202120_503_obstacle.jpg
2026-04-21 20:21:21.115,30.0,77.3,OBSTACLE,/home/ubuntu/software_ws/snapshots/20260421_202121_111_obstacle.jpg
2026-04-21 20:21:21.521,30.0,77.8,OBSTACLE,/home/ubuntu/software_ws/snapshots/20260421_202121_517_obstacle.jpg
2026-04-21 20:21:21.727,30.0,77.3,OBSTACLE,/home/ubuntu/software_ws/snapshots/20260421_202121_723_obstacle.jpg
2026-04-21 20:21:21.932,30.0,76.8,OBSTACLE,/home/ubuntu/software_ws/snapshots/20260421_202121_928_obstacle.jpg
2026-04-21 20:21:22.439,30.0,77.4,OBSTACLE,/home/ubuntu/software_ws/snapshots/20260421_202122_435_obstacle.jpg
2026-04-21 20:21:22.645,29.9,77.1,OBSTACLE,/home/ubuntu/software_ws/snapshots/20260421_202122_640_obstacle.jpg
2026-04-21 20:21:22.850,30.0,77.1,OBSTACLE,/home/ubuntu/software_ws/snapshots/20260421_202122_846_obstacle.jpg
2026-04-21 20:21:23.156,30.0,76.3,OBSTACLE,/home/ubuntu/software_ws/snapshots/20260421_202123_152_obstacle.jpg
2026-04-21 20:21:23.864,30.0,77.3,OBSTACLE,/home/ubuntu/software_ws/snapshots/20260421_202123_860_obstacle.jpg
2026-04-21 20:21:24.271,30.0,77.0,OBSTACLE,/home/ubuntu/software_ws/snapshots/20260421_202124_267_obstacle.jpg
2026-04-21 20:21:24.979,30.0,76.2,OBSTACLE,/home/ubuntu/software_ws/snapshots/20260421_202124_975_obstacle.jpg
2026-04-21 20:21:25.185,30.0,77.6,OBSTACLE,/home/ubuntu/software_ws/snapshots/20260421_202125_180_obstacle.jpg
2026-04-21 20:21:25.491,30.0,76.3,OBSTACLE,/home/ubuntu/software_ws/snapshots/20260421_202125_486_obstacle.jpg
2026-04-21 20:21:25.799,30.0,77.2,OBSTACLE,/home/ubuntu/software_ws/snapshots/20260421_202125_793_obstacle.jpg
2026-04-21 20:21:26.306,30.0,76.9,OBSTACLE,/home/ubuntu/software_ws/snapshots/20260421_202126_302_obstacle.jpg
2026-04-21 20:21:27.617,30.0,76.5,OBSTACLE,/home/ubuntu/software_ws/snapshots/20260421_202127_612_obstacle.jpg
2026-04-21 20:21:28.124,30.0,77.0,OBSTACLE,/home/ubuntu/software_ws/snapshots/20260421_202128_120_obstacle.jpg
2026-04-21 20:21:28.631,30.0,77.3,OBSTACLE,/home/ubuntu/software_ws/snapshots/20260421_202128_627_obstacle.jpg
2026-04-21 20:21:29.037,29.9,76.8,OBSTACLE,/home/ubuntu/software_ws/snapshots/20260421_202129_033_obstacle.jpg
2026-04-21 20:21:30.549,30.0,76.4,OBSTACLE,/home/ubuntu/software_ws/snapshots/20260421_202130_545_obstacle.jpg
2026-04-21 20:21:30.754,30.0,76.9,OBSTACLE,/home/ubuntu/software_ws/snapshots/20260421_202130_750_obstacle.jpg
2026-04-21 20:21:31.061,30.0,77.0,OBSTACLE,/home/ubuntu/software_ws/snapshots/20260421_202131_056_obstacle.jpg
2026-04-21 20:21:31.266,30.0,77.8,OBSTACLE,/home/ubuntu/software_ws/snapshots/20260421_202131_262_obstacle.jpg
2026-04-21 20:21:31.874,30.0,76.4,OBSTACLE,/home/ubuntu/software_ws/snapshots/20260421_202131_870_obstacle.jpg
2026-04-21 20:21:32.083,30.0,76.4,OBSTACLE,/home/ubuntu/software_ws/snapshots/20260421_202132_076_obstacle.jpg
2026-04-21 20:21:32.288,30.0,77.3,OBSTACLE,/home/ubuntu/software_ws/snapshots/20260421_202132_284_obstacle.jpg
2026-04-21 20:21:32.695,29.9,76.2,OBSTACLE,/home/ubuntu/software_ws/snapshots/20260421_202132_691_obstacle.jpg
2026-04-21 20:21:32.901,30.0,76.5,OBSTACLE,/home/ubuntu/software_ws/snapshots/20260421_202132_897_obstacle.jpg
2026-04-21 20:21:33.709,30.0,77.7,OBSTACLE,/home/ubuntu/software_ws/snapshots/20260421_202133_705_obstacle.jpg
2026-04-21 20:21:34.417,30.0,77.3,OBSTACLE,/home/ubuntu/software_ws/snapshots/20260421_202134_413_obstacle.jpg
2026-04-21 20:21:35.025,29.9,76.9,OBSTACLE,/home/ubuntu/software_ws/snapshots/20260421_202135_020_obstacle.jpg
2026-04-21 20:21:35.331,29.9,76.9,OBSTACLE,/home/ubuntu/software_ws/snapshots/20260421_202135_327_obstacle.jpg
2026-04-21 20:21:35.938,29.9,76.9,OBSTACLE,/home/ubuntu/software_ws/snapshots/20260421_202135_934_obstacle.jpg
2026-04-21 20:21:36.143,30.0,76.7,OBSTACLE,/home/ubuntu/software_ws/snapshots/20260421_202136_139_obstacle.jpg
2026-04-21 20:21:36.650,29.9,76.6,OBSTACLE,/home/ubuntu/software_ws/snapshots/20260421_202136_646_obstacle.jpg
2026-04-21 20:21:37.258,30.0,76.6,OBSTACLE,/home/ubuntu/software_ws/snapshots/20260421_202137_254_obstacle.jpg
2026-04-21 20:21:37.765,30.0,77.0,OBSTACLE,/home/ubuntu/software_ws/snapshots/20260421_202137_761_obstacle.jpg
2026-04-21 20:21:38.171,30.0,77.6,OBSTACLE,/home/ubuntu/software_ws/snapshots/20260421_202138_167_obstacle.jpg
2026-04-21 20:21:38.376,30.0,77.5,OBSTACLE,/home/ubuntu/software_ws/snapshots/20260421_202138_372_obstacle.jpg
2026-04-21 20:21:38.783,29.9,76.8,OBSTACLE,/home/ubuntu/software_ws/snapshots/20260421_202138_779_obstacle.jpg
2026-04-21 20:21:39.391,29.9,76.7,OBSTACLE,/home/ubuntu/software_ws/snapshots/20260421_202139_386_obstacle.jpg
2026-04-21 20:21:39.697,29.9,77.0,OBSTACLE,/home/ubuntu/software_ws/snapshots/20260421_202139_693_obstacle.jpg
2026-04-21 20:21:40.104,30.0,76.2,OBSTACLE,/home/ubuntu/software_ws/snapshots/20260421_202140_099_obstacle.jpg
2026-04-21 20:21:40.612,29.9,77.1,OBSTACLE,/home/ubuntu/software_ws/snapshots/20260421_202140_607_obstacle.jpg
2026-04-21 20:21:41.219,30.0,77.2,OBSTACLE,/home/ubuntu/software_ws/snapshots/20260421_202141_215_obstacle.jpg
2026-04-21 20:21:41.424,29.9,77.8,OBSTACLE,/home/ubuntu/software_ws/snapshots/20260421_202141_420_obstacle.jpg
2026-04-21 20:21:41.630,29.9,77.0,OBSTACLE,/home/ubuntu/software_ws/snapshots/20260421_202141_626_obstacle.jpg
2026-04-21 20:21:42.338,30.0,77.1,OBSTACLE,/home/ubuntu/software_ws/snapshots/20260421_202142_333_obstacle.jpg
2026-04-21 20:21:42.644,29.9,77.4,OBSTACLE,/home/ubuntu/software_ws/snapshots/20260421_202142_640_obstacle.jpg
2026-04-21 20:21:42.850,29.9,77.4,OBSTACLE,/home/ubuntu/software_ws/snapshots/20260421_202142_846_obstacle.jpg
2026-04-21 20:21:43.458,30.0,76.6,OBSTACLE,/home/ubuntu/software_ws/snapshots/20260421_202143_454_obstacle.jpg
2026-04-21 20:21:44.469,30.0,76.9,OBSTACLE,/home/ubuntu/software_ws/snapshots/20260421_202144_464_obstacle.jpg
2026-04-21 20:21:45.278,30.0,76.4,OBSTACLE,/home/ubuntu/software_ws/snapshots/20260421_202145_273_obstacle.jpg
2026-04-21 20:21:45.583,29.9,77.0,OBSTACLE,/home/ubuntu/software_ws/snapshots/20260421_202145_579_obstacle.jpg
2026-04-21 20:21:46.494,30.0,77.4,OBSTACLE,/home/ubuntu/software_ws/snapshots/20260421_202146_490_obstacle.jpg
2026-04-21 20:21:46.700,30.0,77.8,OBSTACLE,/home/ubuntu/software_ws/snapshots/20260421_202146_696_obstacle.jpg
2026-04-21 20:21:47.810,29.9,77.0,OBSTACLE,/home/ubuntu/software_ws/snapshots/20260421_202147_806_obstacle.jpg
2026-04-21 20:21:49.121,29.9,76.9,OBSTACLE,/home/ubuntu/software_ws/snapshots/20260421_202149_116_obstacle.jpg
2026-04-21 20:21:49.529,30.0,76.2,OBSTACLE,/home/ubuntu/software_ws/snapshots/20260421_202149_523_obstacle.jpg
2026-04-21 20:21:49.936,30.0,76.3,OBSTACLE,/home/ubuntu/software_ws/snapshots/20260421_202149_932_obstacle.jpg
2026-04-21 20:21:50.343,30.0,75.9,OBSTACLE,/home/ubuntu/software_ws/snapshots/20260421_202150_338_obstacle.jpg
2026-04-21 20:21:50.650,30.0,76.7,OBSTACLE,/home/ubuntu/software_ws/snapshots/20260421_202150_645_obstacle.jpg
2026-04-21 20:21:50.855,30.0,76.9,OBSTACLE,/home/ubuntu/software_ws/snapshots/20260421_202150_851_obstacle.jpg
2026-04-21 20:21:51.061,30.0,76.4,OBSTACLE,/home/ubuntu/software_ws/snapshots/20260421_202151_056_obstacle.jpg
2026-04-21 20:21:51.669,29.9,76.5,OBSTACLE,/home/ubuntu/software_ws/snapshots/20260421_202151_664_obstacle.jpg
2026-04-21 20:21:52.577,30.0,76.2,OBSTACLE,/home/ubuntu/software_ws/snapshots/20260421_202152_573_obstacle.jpg
2026-04-21 20:21:53.486,30.0,76.0,OBSTACLE,/home/ubuntu/software_ws/snapshots/20260421_202153_482_obstacle.jpg
2026-04-21 20:21:53.692,30.0,76.6,OBSTACLE,/home/ubuntu/software_ws/snapshots/20260421_202153_688_obstacle.jpg
2026-04-21 20:21:53.898,30.0,75.8,OBSTACLE,/home/ubuntu/software_ws/snapshots/20260421_202153_893_obstacle.jpg
2026-04-21 20:21:54.204,30.0,76.6,OBSTACLE,/home/ubuntu/software_ws/snapshots/20260421_202154_200_obstacle.jpg
2026-04-21 20:21:54.410,29.9,76.1,OBSTACLE,/home/ubuntu/software_ws/snapshots/20260421_202154_406_obstacle.jpg
2026-04-21 20:21:55.018,30.0,77.1,OBSTACLE,/home/ubuntu/software_ws/snapshots/20260421_202155_014_obstacle.jpg
2026-04-21 20:21:55.726,29.9,77.1,OBSTACLE,/home/ubuntu/software_ws/snapshots/20260421_202155_721_obstacle.jpg
2026-04-21 20:21:56.634,30.0,76.7,OBSTACLE,/home/ubuntu/software_ws/snapshots/20260421_202156_630_obstacle.jpg
2026-04-21 20:21:57.041,30.0,76.2,OBSTACLE,/home/ubuntu/software_ws/snapshots/20260421_202157_037_obstacle.jpg
2026-04-21 20:21:57.648,30.0,76.9,OBSTACLE,/home/ubuntu/software_ws/snapshots/20260421_202157_644_obstacle.jpg
2026-04-21 20:21:57.853,29.9,76.6,OBSTACLE,/home/ubuntu/software_ws/snapshots/20260421_202157_849_obstacle.jpg
2026-04-21 20:21:58.360,30.0,75.8,OBSTACLE,/home/ubuntu/software_ws/snapshots/20260421_202158_356_obstacle.jpg
2026-04-21 20:21:58.666,30.0,77.1,OBSTACLE,/home/ubuntu/software_ws/snapshots/20260421_202158_662_obstacle.jpg
2026-04-21 20:21:58.971,29.9,76.4,OBSTACLE,/home/ubuntu/software_ws/snapshots/20260421_202158_967_obstacle.jpg
2026-04-21 20:21:59.579,30.0,76.3,OBSTACLE,/home/ubuntu/software_ws/snapshots/20260421_202159_575_obstacle.jpg
2026-04-21 20:22:00.388,30.0,76.6,OBSTACLE,/home/ubuntu/software_ws/snapshots/20260421_202200_383_obstacle.jpg
2026-04-21 20:22:00.594,30.0,76.2,OBSTACLE,/home/ubuntu/software_ws/snapshots/20260421_202200_589_obstacle.jpg
2026-04-21 20:22:00.799,30.0,76.7,OBSTACLE,/home/ubuntu/software_ws/snapshots/20260421_202200_795_obstacle.jpg
2026-04-21 20:22:01.005,29.9,76.3,OBSTACLE,/home/ubuntu/software_ws/snapshots/20260421_202201_001_obstacle.jpg
2026-04-21 20:22:01.210,29.9,75.9,OBSTACLE,/home/ubuntu/software_ws/snapshots/20260421_202201_206_obstacle.jpg
2026-04-21 20:22:01.820,29.9,76.9,OBSTACLE,/home/ubuntu/software_ws/snapshots/20260421_202201_816_obstacle.jpg
2026-04-21 20:22:02.133,30.0,76.3,OBSTACLE,/home/ubuntu/software_ws/snapshots/20260421_202202_122_obstacle.jpg
2026-04-21 20:22:02.666,30.0,77.7,OBSTACLE,/home/ubuntu/software_ws/snapshots/20260421_202202_639_obstacle.jpg
2026-04-21 20:22:04.386,29.9,76.3,OBSTACLE,/home/ubuntu/software_ws/snapshots/20260421_202204_380_obstacle.jpg
2026-04-21 20:22:04.897,29.9,76.3,OBSTACLE,/home/ubuntu/software_ws/snapshots/20260421_202204_889_obstacle.jpg
2026-04-21 20:22:33.111,30.0,77.0,OBSTACLE,/home/ubuntu/software_ws/snapshots/20260421_202233_102_obstacle.jpg
2026-04-21 20:22:33.830,29.9,76.4,OBSTACLE,/home/ubuntu/software_ws/snapshots/20260421_202233_819_obstacle.jpg
2026-04-21 20:22:41.402,29.8,77.2,OBSTACLE,/home/ubuntu/software_ws/snapshots/20260421_202241_389_obstacle.jpg
2026-04-21 20:22:43.328,29.9,76.1,OBSTACLE,/home/ubuntu/software_ws/snapshots/20260421_202243_318_obstacle.jpg
2026-04-21 20:22:44.750,29.9,76.3,OBSTACLE,/home/ubuntu/software_ws/snapshots/20260421_202244_739_obstacle.jpg
2026-04-21 20:22:44.962,30.0,77.2,OBSTACLE,/home/ubuntu/software_ws/snapshots/20260421_202244_952_obstacle.jpg
2026-04-21 20:22:45.171,30.0,75.7,OBSTACLE,/home/ubuntu/software_ws/snapshots/20260421_202245_164_obstacle.jpg
2026-04-21 20:22:45.781,30.0,76.3,OBSTACLE,/home/ubuntu/software_ws/snapshots/20260421_202245_775_obstacle.jpg
2026-04-21 20:22:46.391,30.0,76.2,OBSTACLE,/home/ubuntu/software_ws/snapshots/20260421_202246_385_obstacle.jpg
2026-04-21 20:22:46.598,29.9,75.4,OBSTACLE,/home/ubuntu/software_ws/snapshots/20260421_202246_593_obstacle.jpg
2026-04-21 20:22:47.110,29.9,75.9,OBSTACLE,/home/ubuntu/software_ws/snapshots/20260421_202247_103_obstacle.jpg
2026-04-21 20:22:47.820,30.0,76.3,OBSTACLE,/home/ubuntu/software_ws/snapshots/20260421_202247_815_obstacle.jpg
2026-04-21 20:22:48.053,30.0,76.0,OBSTACLE,/home/ubuntu/software_ws/snapshots/20260421_202248_022_obstacle.jpg
2026-04-21 20:22:48.562,29.9,76.3,OBSTACLE,/home/ubuntu/software_ws/snapshots/20260421_202248_557_obstacle.jpg
2026-04-21 20:22:48.870,30.0,76.0,OBSTACLE,/home/ubuntu/software_ws/snapshots/20260421_202248_864_obstacle.jpg
2026-04-21 20:22:49.077,30.0,76.6,OBSTACLE,/home/ubuntu/software_ws/snapshots/20260421_202249_071_obstacle.jpg
2026-04-21 20:22:49.285,30.0,76.2,OBSTACLE,/home/ubuntu/software_ws/snapshots/20260421_202249_278_obstacle.jpg
2026-04-21 20:22:49.494,30.0,76.0,OBSTACLE,/home/ubuntu/software_ws/snapshots/20260421_202249_486_obstacle.jpg
2026-04-21 20:22:49.705,30.0,75.9,OBSTACLE,/home/ubuntu/software_ws/snapshots/20260421_202249_696_obstacle.jpg
2026-04-21 20:22:50.115,29.9,76.3,OBSTACLE,/home/ubuntu/software_ws/snapshots/20260421_202250_108_obstacle.jpg
2026-04-21 20:22:50.625,29.9,76.5,OBSTACLE,/home/ubuntu/software_ws/snapshots/20260421_202250_619_obstacle.jpg
2026-04-21 20:22:50.839,29.9,76.2,OBSTACLE,/home/ubuntu/software_ws/snapshots/20260421_202250_827_obstacle.jpg
2026-04-21 20:22:51.249,30.0,76.8,OBSTACLE,/home/ubuntu/software_ws/snapshots/20260421_202251_244_obstacle.jpg
2026-04-21 20:22:51.660,30.0,76.3,OBSTACLE,/home/ubuntu/software_ws/snapshots/20260421_202251_652_obstacle.jpg
2026-04-21 20:22:51.970,30.0,77.1,OBSTACLE,/home/ubuntu/software_ws/snapshots/20260421_202251_962_obstacle.jpg
2026-04-21 20:22:52.986,29.9,77.0,OBSTACLE,/home/ubuntu/software_ws/snapshots/20260421_202252_978_obstacle.jpg
2026-04-21 20:22:53.296,30.0,77.1,OBSTACLE,/home/ubuntu/software_ws/snapshots/20260421_202253_289_obstacle.jpg
2026-04-21 20:22:53.508,29.9,77.1,OBSTACLE,/home/ubuntu/software_ws/snapshots/20260421_202253_498_obstacle.jpg
2026-04-21 20:22:53.818,30.0,77.6,OBSTACLE,/home/ubuntu/software_ws/snapshots/20260421_202253_811_obstacle.jpg
2026-04-21 20:22:54.128,30.0,76.5,OBSTACLE,/home/ubuntu/software_ws/snapshots/20260421_202254_121_obstacle.jpg
2026-04-21 20:22:54.743,29.9,76.4,OBSTACLE,/home/ubuntu/software_ws/snapshots/20260421_202254_733_obstacle.jpg
2026-04-21 20:22:55.358,30.0,76.7,OBSTACLE,/home/ubuntu/software_ws/snapshots/20260421_202255_351_obstacle.jpg
2026-04-21 20:22:55.769,30.0,76.5,OBSTACLE,/home/ubuntu/software_ws/snapshots/20260421_202255_761_obstacle.jpg
2026-04-21 20:22:56.078,29.9,76.4,OBSTACLE,/home/ubuntu/software_ws/snapshots/20260421_202256_072_obstacle.jpg
2026-04-21 20:22:56.789,30.0,76.1,OBSTACLE,/home/ubuntu/software_ws/snapshots/20260421_202256_782_obstacle.jpg
2026-04-21 20:22:58.105,29.9,76.6,OBSTACLE,/home/ubuntu/software_ws/snapshots/20260421_202258_097_obstacle.jpg
2026-04-21 20:22:58.720,30.0,75.9,OBSTACLE,/home/ubuntu/software_ws/snapshots/20260421_202258_710_obstacle.jpg
2026-04-21 20:23:00.444,30.0,76.6,OBSTACLE,/home/ubuntu/software_ws/snapshots/20260421_202300_432_obstacle.jpg
2026-04-21 20:23:01.070,30.0,76.7,OBSTACLE,/home/ubuntu/software_ws/snapshots/20260421_202301_052_obstacle.jpg
2026-04-21 20:23:01.483,30.0,76.8,OBSTACLE,/home/ubuntu/software_ws/snapshots/20260421_202301_473_obstacle.jpg
2026-04-21 20:23:01.694,29.9,76.5,OBSTACLE,/home/ubuntu/software_ws/snapshots/20260421_202301_685_obstacle.jpg
2026-04-21 20:23:01.904,30.0,76.5,OBSTACLE,/home/ubuntu/software_ws/snapshots/20260421_202301_896_obstacle.jpg
2026-04-21 20:23:02.615,30.0,76.6,OBSTACLE,/home/ubuntu/software_ws/snapshots/20260421_202302_609_obstacle.jpg
2026-04-21 20:23:02.923,30.0,76.3,OBSTACLE,/home/ubuntu/software_ws/snapshots/20260421_202302_917_obstacle.jpg
2026-04-21 20:23:03.233,30.0,76.3,OBSTACLE,/home/ubuntu/software_ws/snapshots/20260421_202303_225_obstacle.jpg
2026-04-21 20:23:03.947,30.0,76.4,OBSTACLE,/home/ubuntu/software_ws/snapshots/20260421_202303_939_obstacle.jpg
2026-04-21 20:23:04.859,29.9,76.2,OBSTACLE,/home/ubuntu/software_ws/snapshots/20260421_202304_854_obstacle.jpg
2026-04-21 20:23:05.774,29.9,76.2,OBSTACLE,/home/ubuntu/software_ws/snapshots/20260421_202305_766_obstacle.jpg
2026-04-21 20:23:06.086,30.0,76.2,OBSTACLE,/home/ubuntu/software_ws/snapshots/20260421_202306_077_obstacle.jpg
2026-04-21 20:23:06.499,30.0,76.9,OBSTACLE,/home/ubuntu/software_ws/snapshots/20260421_202306_489_obstacle.jpg
2026-04-21 20:23:06.811,30.0,76.4,OBSTACLE,/home/ubuntu/software_ws/snapshots/20260421_202306_802_obstacle.jpg
2026-04-21 20:23:07.120,30.0,76.6,OBSTACLE,/home/ubuntu/software_ws/snapshots/20260421_202307_114_obstacle.jpg
2026-04-21 20:23:07.532,29.9,76.2,OBSTACLE,/home/ubuntu/software_ws/snapshots/20260421_202307_522_obstacle.jpg
2026-04-21 20:23:07.843,30.0,75.7,OBSTACLE,/home/ubuntu/software_ws/snapshots/20260421_202307_835_obstacle.jpg
2026-04-21 20:23:08.054,30.0,76.6,OBSTACLE,/home/ubuntu/software_ws/snapshots/20260421_202308_045_obstacle.jpg
2026-04-21 20:23:09.474,30.0,76.8,OBSTACLE,/home/ubuntu/software_ws/snapshots/20260421_202309_465_obstacle.jpg
2026-04-21 20:23:09.685,29.9,76.0,OBSTACLE,/home/ubuntu/software_ws/snapshots/20260421_202309_677_obstacle.jpg
2026-04-21 20:23:09.902,30.0,76.0,OBSTACLE,/home/ubuntu/software_ws/snapshots/20260421_202309_888_obstacle.jpg
2026-04-21 20:23:10.216,30.0,76.5,OBSTACLE,/home/ubuntu/software_ws/snapshots/20260421_202310_205_obstacle.jpg
2026-04-21 20:23:10.429,29.9,76.7,OBSTACLE,/home/ubuntu/software_ws/snapshots/20260421_202310_418_obstacle.jpg
2026-04-21 20:23:10.943,30.0,75.3,OBSTACLE,/home/ubuntu/software_ws/snapshots/20260421_202310_933_obstacle.jpg
2026-04-21 20:23:11.461,29.9,76.6,OBSTACLE,/home/ubuntu/software_ws/snapshots/20260421_202311_448_obstacle.jpg
2026-04-21 20:23:11.976,30.0,76.2,OBSTACLE,/home/ubuntu/software_ws/snapshots/20260421_202311_966_obstacle.jpg
2026-04-21 20:23:14.303,29.9,76.8,OBSTACLE,/home/ubuntu/software_ws/snapshots/20260421_202314_296_obstacle.jpg
2026-04-21 20:23:18.643,29.9,76.0,OBSTACLE,/home/ubuntu/software_ws/snapshots/20260421_202318_633_obstacle.jpg
2026-04-21 20:23:19.457,30.0,76.0,OBSTACLE,/home/ubuntu/software_ws/snapshots/20260421_202319_448_obstacle.jpg
2026-04-21 20:23:19.968,29.9,76.7,OBSTACLE,/home/ubuntu/software_ws/snapshots/20260421_202319_961_obstacle.jpg
2026-04-21 20:23:20.377,30.0,76.8,OBSTACLE,/home/ubuntu/software_ws/snapshots/20260421_202320_371_obstacle.jpg
2026-04-21 20:23:20.790,30.0,76.0,OBSTACLE,/home/ubuntu/software_ws/snapshots/20260421_202320_779_obstacle.jpg
2026-04-21 20:23:21.299,30.0,76.6,OBSTACLE,/home/ubuntu/software_ws/snapshots/20260421_202321_294_obstacle.jpg
2026-04-21 20:23:21.511,30.0,75.7,OBSTACLE,/home/ubuntu/software_ws/snapshots/20260421_202321_501_obstacle.jpg
2026-04-21 20:23:21.722,30.0,76.4,OBSTACLE,/home/ubuntu/software_ws/snapshots/20260421_202321_713_obstacle.jpg
2026-04-21 20:23:22.132,29.9,76.0,OBSTACLE,/home/ubuntu/software_ws/snapshots/20260421_202322_125_obstacle.jpg
2026-04-21 20:23:22.744,30.0,76.1,OBSTACLE,/home/ubuntu/software_ws/snapshots/20260421_202322_736_obstacle.jpg
2026-04-21 20:23:23.056,29.9,76.2,OBSTACLE,/home/ubuntu/software_ws/snapshots/20260421_202323_047_obstacle.jpg
2026-04-21 20:23:23.266,30.0,76.4,OBSTACLE,/home/ubuntu/software_ws/snapshots/20260421_202323_259_obstacle.jpg
2026-04-21 20:23:23.476,30.0,77.1,OBSTACLE,/home/ubuntu/software_ws/snapshots/20260421_202323_468_obstacle.jpg
2026-04-21 20:23:23.889,30.0,76.3,OBSTACLE,/home/ubuntu/software_ws/snapshots/20260421_202323_879_obstacle.jpg
2026-04-21 20:23:24.906,30.0,75.7,OBSTACLE,/home/ubuntu/software_ws/snapshots/20260421_202324_896_obstacle.jpg
2026-04-21 20:23:25.218,29.9,77.2,OBSTACLE,/home/ubuntu/software_ws/snapshots/20260421_202325_209_obstacle.jpg
2026-04-21 20:23:25.531,29.9,77.2,OBSTACLE,/home/ubuntu/software_ws/snapshots/20260421_202325_521_obstacle.jpg
2026-04-21 20:23:25.844,29.9,76.2,OBSTACLE,/home/ubuntu/software_ws/snapshots/20260421_202325_834_obstacle.jpg
2026-04-21 20:23:26.354,29.9,75.9,OBSTACLE,/home/ubuntu/software_ws/snapshots/20260421_202326_348_obstacle.jpg
2026-04-21 20:23:26.560,30.0,76.6,OBSTACLE,/home/ubuntu/software_ws/snapshots/20260421_202326_555_obstacle.jpg
2026-04-21 20:23:26.967,29.9,76.8,OBSTACLE,/home/ubuntu/software_ws/snapshots/20260421_202326_963_obstacle.jpg
2026-04-21 20:23:27.174,30.0,75.8,OBSTACLE,/home/ubuntu/software_ws/snapshots/20260421_202327_168_obstacle.jpg
2026-04-21 20:23:28.588,29.9,78.0,OBSTACLE,/home/ubuntu/software_ws/snapshots/20260421_202328_583_obstacle.jpg
2026-04-21 20:23:29.506,30.0,76.0,OBSTACLE,/home/ubuntu/software_ws/snapshots/20260421_202329_496_obstacle.jpg
2026-04-21 20:23:30.536,30.0,76.3,OBSTACLE,/home/ubuntu/software_ws/snapshots/20260421_202330_515_obstacle.jpg
2026-04-21 20:23:31.652,30.0,76.6,OBSTACLE,/home/ubuntu/software_ws/snapshots/20260421_202331_646_obstacle.jpg
2026-04-21 20:23:32.059,30.0,76.4,OBSTACLE,/home/ubuntu/software_ws/snapshots/20260421_202332_055_obstacle.jpg
2026-04-21 20:23:32.264,29.9,75.9,OBSTACLE,/home/ubuntu/software_ws/snapshots/20260421_202332_260_obstacle.jpg
2026-04-21 20:23:32.771,29.9,76.8,OBSTACLE,/home/ubuntu/software_ws/snapshots/20260421_202332_767_obstacle.jpg
2026-04-21 20:23:32.976,29.9,76.7,OBSTACLE,/home/ubuntu/software_ws/snapshots/20260421_202332_972_obstacle.jpg
2026-04-21 20:23:33.986,29.9,76.4,OBSTACLE,/home/ubuntu/software_ws/snapshots/20260421_202333_982_obstacle.jpg
2026-04-21 20:23:34.392,30.0,76.2,OBSTACLE,/home/ubuntu/software_ws/snapshots/20260421_202334_388_obstacle.jpg
2026-04-21 20:23:35.201,30.0,76.5,OBSTACLE,/home/ubuntu/software_ws/snapshots/20260421_202335_196_obstacle.jpg
2026-04-21 20:23:36.112,30.0,76.8,OBSTACLE,/home/ubuntu/software_ws/snapshots/20260421_202336_106_obstacle.jpg
2026-04-21 20:23:36.947,30.0,76.2,OBSTACLE,/home/ubuntu/software_ws/snapshots/20260421_202336_921_obstacle.jpg
2026-04-21 20:23:37.172,29.9,76.2,OBSTACLE,/home/ubuntu/software_ws/snapshots/20260421_202337_150_obstacle.jpg
2026-04-21 20:23:37.800,29.9,75.7,OBSTACLE,/home/ubuntu/software_ws/snapshots/20260421_202337_782_obstacle.jpg
2026-04-21 20:23:38.829,30.0,76.5,OBSTACLE,/home/ubuntu/software_ws/snapshots/20260421_202338_811_obstacle.jpg
2026-04-21 20:23:40.162,29.9,76.4,OBSTACLE,/home/ubuntu/software_ws/snapshots/20260421_202340_143_obstacle.jpg
2026-04-21 20:23:40.487,29.9,75.1,OBSTACLE,/home/ubuntu/software_ws/snapshots/20260421_202340_468_obstacle.jpg
2026-04-21 20:23:41.214,30.0,75.9,OBSTACLE,/home/ubuntu/software_ws/snapshots/20260421_202341_195_obstacle.jpg
2026-04-21 20:23:41.545,29.9,76.7,OBSTACLE,/home/ubuntu/software_ws/snapshots/20260421_202341_518_obstacle.jpg
2026-04-21 20:23:42.276,29.9,75.7,OBSTACLE,/home/ubuntu/software_ws/snapshots/20260421_202342_253_obstacle.jpg
2026-04-21 20:23:42.590,30.0,76.7,OBSTACLE,/home/ubuntu/software_ws/snapshots/20260421_202342_581_obstacle.jpg
2026-04-21 20:23:42.812,30.0,77.1,OBSTACLE,/home/ubuntu/software_ws/snapshots/20260421_202342_793_obstacle.jpg
2026-04-21 20:23:43.127,29.9,76.4,OBSTACLE,/home/ubuntu/software_ws/snapshots/20260421_202343_115_obstacle.jpg
2026-04-21 20:23:43.558,30.0,76.8,OBSTACLE,/home/ubuntu/software_ws/snapshots/20260421_202343_532_obstacle.jpg
2026-04-21 20:23:44.183,30.0,76.6,OBSTACLE,/home/ubuntu/software_ws/snapshots/20260421_202344_164_obstacle.jpg
2026-04-21 20:23:44.610,30.0,76.7,OBSTACLE,/home/ubuntu/software_ws/snapshots/20260421_202344_588_obstacle.jpg
2026-04-21 20:23:45.237,30.0,76.4,OBSTACLE,/home/ubuntu/software_ws/snapshots/20260421_202345_218_obstacle.jpg
2026-04-21 20:23:45.461,30.0,76.3,OBSTACLE,/home/ubuntu/software_ws/snapshots/20260421_202345_440_obstacle.jpg
2026-04-21 20:23:46.696,30.0,76.9,OBSTACLE,/home/ubuntu/software_ws/snapshots/20260421_202346_677_obstacle.jpg
2026-04-21 20:23:47.322,30.0,76.5,OBSTACLE,/home/ubuntu/software_ws/snapshots/20260421_202347_303_obstacle.jpg
2026-04-21 20:23:48.050,29.9,76.3,OBSTACLE,/home/ubuntu/software_ws/snapshots/20260421_202348_031_obstacle.jpg
2026-04-21 20:23:49.790,29.9,76.6,OBSTACLE,/home/ubuntu/software_ws/snapshots/20260421_202349_770_obstacle.jpg
2026-04-21 20:23:50.011,30.0,76.6,OBSTACLE,/home/ubuntu/software_ws/snapshots/20260421_202349_993_obstacle.jpg
2026-04-21 20:23:50.335,30.0,76.4,OBSTACLE,/home/ubuntu/software_ws/snapshots/20260421_202350_316_obstacle.jpg
2026-04-21 20:23:50.657,30.0,76.6,OBSTACLE,/home/ubuntu/software_ws/snapshots/20260421_202350_639_obstacle.jpg
2026-04-21 20:23:51.276,30.0,76.2,OBSTACLE,/home/ubuntu/software_ws/snapshots/20260421_202351_267_obstacle.jpg
2026-04-21 20:23:52.006,30.0,76.3,OBSTACLE,/home/ubuntu/software_ws/snapshots/20260421_202351_984_obstacle.jpg
2026-04-21 20:23:52.229,30.0,77.2,OBSTACLE,/home/ubuntu/software_ws/snapshots/20260421_202352_209_obstacle.jpg
2026-04-21 20:23:52.453,30.0,76.6,OBSTACLE,/home/ubuntu/software_ws/snapshots/20260421_202352_433_obstacle.jpg
2026-04-21 20:23:52.678,30.0,76.8,OBSTACLE,/home/ubuntu/software_ws/snapshots/20260421_202352_656_obstacle.jpg
2026-04-21 20:23:53.209,30.0,76.2,OBSTACLE,/home/ubuntu/software_ws/snapshots/20260421_202353_190_obstacle.jpg
2026-04-21 20:23:55.955,30.0,75.5,OBSTACLE,/home/ubuntu/software_ws/snapshots/20260421_202355_936_obstacle.jpg
2026-04-21 20:23:59.020,30.0,76.6,OBSTACLE,/home/ubuntu/software_ws/snapshots/20260421_202359_000_obstacle.jpg
2026-04-21 20:23:59.242,30.0,76.0,OBSTACLE,/home/ubuntu/software_ws/snapshots/20260421_202359_223_obstacle.jpg
2026-04-21 20:24:03.777,30.0,77.2,OBSTACLE,/home/ubuntu/software_ws/snapshots/20260421_202403_773_obstacle.jpg
2026-04-21 20:24:03.983,30.0,76.5,OBSTACLE,/home/ubuntu/software_ws/snapshots/20260421_202403_979_obstacle.jpg
2026-04-21 20:24:04.909,30.0,76.6,OBSTACLE,/home/ubuntu/software_ws/snapshots/20260421_202404_890_obstacle.jpg
2026-04-21 20:24:05.326,30.0,76.2,OBSTACLE,/home/ubuntu/software_ws/snapshots/20260421_202405_315_obstacle.jpg
2026-04-21 20:24:07.072,29.9,76.4,OBSTACLE,/home/ubuntu/software_ws/snapshots/20260421_202407_051_obstacle.jpg
2026-04-21 20:24:07.701,30.0,76.6,OBSTACLE,/home/ubuntu/software_ws/snapshots/20260421_202407_680_obstacle.jpg
2026-04-21 20:24:08.228,30.0,76.5,OBSTACLE,/home/ubuntu/software_ws/snapshots/20260421_202408_207_obstacle.jpg
2026-04-21 20:24:08.654,30.0,76.9,OBSTACLE,/home/ubuntu/software_ws/snapshots/20260421_202408_634_obstacle.jpg
2026-04-21 20:24:08.981,30.0,75.9,OBSTACLE,/home/ubuntu/software_ws/snapshots/20260421_202408_958_obstacle.jpg
2026-04-21 20:24:09.311,30.0,76.0,OBSTACLE,/home/ubuntu/software_ws/snapshots/20260421_202409_287_obstacle.jpg
2026-04-21 20:24:09.635,30.0,76.8,OBSTACLE,/home/ubuntu/software_ws/snapshots/20260421_202409_616_obstacle.jpg
2026-04-21 20:24:09.857,30.0,76.3,OBSTACLE,/home/ubuntu/software_ws/snapshots/20260421_202409_838_obstacle.jpg
2026-04-21 20:24:10.291,30.0,76.5,OBSTACLE,/home/ubuntu/software_ws/snapshots/20260421_202410_262_obstacle.jpg
2026-04-21 20:24:10.503,29.9,75.7,OBSTACLE,/home/ubuntu/software_ws/snapshots/20260421_202410_494_obstacle.jpg
2026-04-21 20:24:10.716,30.0,76.3,OBSTACLE,/home/ubuntu/software_ws/snapshots/20260421_202410_706_obstacle.jpg
2026-04-21 20:24:11.230,30.0,75.9,OBSTACLE,/home/ubuntu/software_ws/snapshots/20260421_202411_222_obstacle.jpg
2026-04-21 20:24:11.537,29.9,76.4,OBSTACLE,/home/ubuntu/software_ws/snapshots/20260421_202411_532_obstacle.jpg
2026-04-21 20:24:12.163,30.0,76.5,OBSTACLE,/home/ubuntu/software_ws/snapshots/20260421_202412_142_obstacle.jpg
2026-04-21 20:24:12.494,30.0,76.6,OBSTACLE,/home/ubuntu/software_ws/snapshots/20260421_202412_470_obstacle.jpg
2026-04-21 20:24:12.920,30.0,76.8,OBSTACLE,/home/ubuntu/software_ws/snapshots/20260421_202412_899_obstacle.jpg
2026-04-21 20:24:13.243,30.0,76.3,OBSTACLE,/home/ubuntu/software_ws/snapshots/20260421_202413_224_obstacle.jpg
2026-04-21 20:24:13.466,29.9,76.5,OBSTACLE,/home/ubuntu/software_ws/snapshots/20260421_202413_446_obstacle.jpg
2026-04-21 20:24:14.293,29.9,75.9,OBSTACLE,/home/ubuntu/software_ws/snapshots/20260421_202414_275_obstacle.jpg
2026-04-21 20:24:14.515,30.0,76.3,OBSTACLE,/home/ubuntu/software_ws/snapshots/20260421_202414_496_obstacle.jpg
2026-04-21 20:24:15.141,30.0,76.0,OBSTACLE,/home/ubuntu/software_ws/snapshots/20260421_202415_122_obstacle.jpg
2026-04-21 20:24:15.363,30.0,76.1,OBSTACLE,/home/ubuntu/software_ws/snapshots/20260421_202415_344_obstacle.jpg
2026-04-21 20:24:15.677,30.0,76.7,OBSTACLE,/home/ubuntu/software_ws/snapshots/20260421_202415_667_obstacle.jpg
2026-04-21 20:24:16.102,29.9,75.9,OBSTACLE,/home/ubuntu/software_ws/snapshots/20260421_202416_082_obstacle.jpg
2026-04-21 20:24:18.950,30.0,77.1,OBSTACLE,/home/ubuntu/software_ws/snapshots/20260421_202418_931_obstacle.jpg
2026-04-21 20:24:19.572,29.9,76.1,OBSTACLE,/home/ubuntu/software_ws/snapshots/20260421_202419_556_obstacle.jpg
2026-04-21 20:24:19.793,30.0,76.7,OBSTACLE,/home/ubuntu/software_ws/snapshots/20260421_202419_774_obstacle.jpg
2026-04-21 20:24:20.925,30.0,75.9,OBSTACLE,/home/ubuntu/software_ws/snapshots/20260421_202420_906_obstacle.jpg
2026-04-21 20:24:21.655,29.9,76.6,OBSTACLE,/home/ubuntu/software_ws/snapshots/20260421_202421_634_obstacle.jpg
2026-04-21 20:24:22.680,30.0,76.3,OBSTACLE,/home/ubuntu/software_ws/snapshots/20260421_202422_665_obstacle.jpg
2026-04-21 20:24:25.740,30.0,76.9,OBSTACLE,/home/ubuntu/software_ws/snapshots/20260421_202425_720_obstacle.jpg
2026-04-21 20:24:25.962,30.0,76.9,OBSTACLE,/home/ubuntu/software_ws/snapshots/20260421_202425_943_obstacle.jpg
2026-04-21 20:24:26.372,30.0,76.6,OBSTACLE,/home/ubuntu/software_ws/snapshots/20260421_202426_367_obstacle.jpg
2026-04-21 20:24:26.802,30.0,75.5,OBSTACLE,/home/ubuntu/software_ws/snapshots/20260421_202426_776_obstacle.jpg
2026-04-21 20:24:28.225,30.0,75.1,OBSTACLE,/home/ubuntu/software_ws/snapshots/20260421_202428_214_obstacle.jpg
2026-04-21 20:24:28.546,30.0,76.1,OBSTACLE,/home/ubuntu/software_ws/snapshots/20260421_202428_528_obstacle.jpg
2026-04-21 20:24:31.397,30.0,76.1,OBSTACLE,/home/ubuntu/software_ws/snapshots/20260421_202431_377_obstacle.jpg
2026-04-21 20:24:31.618,30.0,76.5,OBSTACLE,/home/ubuntu/software_ws/snapshots/20260421_202431_600_obstacle.jpg
2026-04-21 20:24:32.042,30.0,77.2,OBSTACLE,/home/ubuntu/software_ws/snapshots/20260421_202432_023_obstacle.jpg
2026-04-21 20:24:32.252,30.0,76.8,OBSTACLE,/home/ubuntu/software_ws/snapshots/20260421_202432_245_obstacle.jpg
2026-04-21 20:24:32.776,30.0,76.5,OBSTACLE,/home/ubuntu/software_ws/snapshots/20260421_202432_758_obstacle.jpg
2026-04-21 20:24:33.203,30.0,76.6,OBSTACLE,/home/ubuntu/software_ws/snapshots/20260421_202433_181_obstacle.jpg
2026-04-21 20:24:33.423,30.0,76.4,OBSTACLE,/home/ubuntu/software_ws/snapshots/20260421_202433_406_obstacle.jpg
2026-04-21 20:24:33.945,30.0,76.9,OBSTACLE,/home/ubuntu/software_ws/snapshots/20260421_202433_929_obstacle.jpg
2026-04-21 20:24:34.169,30.0,76.8,OBSTACLE,/home/ubuntu/software_ws/snapshots/20260421_202434_147_obstacle.jpg
2026-04-21 20:24:34.905,30.0,76.6,OBSTACLE,/home/ubuntu/software_ws/snapshots/20260421_202434_877_obstacle.jpg
2026-04-21 20:24:35.825,29.9,75.9,OBSTACLE,/home/ubuntu/software_ws/snapshots/20260421_202435_814_obstacle.jpg
2026-04-21 20:24:36.648,29.9,77.2,OBSTACLE,/home/ubuntu/software_ws/snapshots/20260421_202436_632_obstacle.jpg
2026-04-21 20:24:37.077,30.0,76.2,OBSTACLE,/home/ubuntu/software_ws/snapshots/20260421_202437_053_obstacle.jpg
2026-04-21 20:24:37.297,29.9,77.0,OBSTACLE,/home/ubuntu/software_ws/snapshots/20260421_202437_280_obstacle.jpg
2026-04-21 20:24:37.620,30.0,76.4,OBSTACLE,/home/ubuntu/software_ws/snapshots/20260421_202437_601_obstacle.jpg
2026-04-21 20:24:37.937,30.0,76.1,OBSTACLE,/home/ubuntu/software_ws/snapshots/20260421_202437_924_obstacle.jpg
2026-04-21 20:24:38.149,30.0,76.4,OBSTACLE,/home/ubuntu/software_ws/snapshots/20260421_202438_139_obstacle.jpg
2026-04-21 20:24:38.469,30.0,76.1,OBSTACLE,/home/ubuntu/software_ws/snapshots/20260421_202438_452_obstacle.jpg
2026-04-21 20:24:38.800,30.0,77.0,OBSTACLE,/home/ubuntu/software_ws/snapshots/20260421_202438_774_obstacle.jpg
2026-04-21 20:24:39.316,30.0,76.1,OBSTACLE,/home/ubuntu/software_ws/snapshots/20260421_202439_306_obstacle.jpg
2026-04-21 20:24:39.826,30.0,76.8,OBSTACLE,/home/ubuntu/software_ws/snapshots/20260421_202439_821_obstacle.jpg
2026-04-21 20:24:40.653,30.0,76.6,OBSTACLE,/home/ubuntu/software_ws/snapshots/20260421_202440_634_obstacle.jpg
2026-04-21 20:24:41.076,30.0,75.9,OBSTACLE,/home/ubuntu/software_ws/snapshots/20260421_202441_058_obstacle.jpg
2026-04-21 20:24:41.285,29.9,77.0,OBSTACLE,/home/ubuntu/software_ws/snapshots/20260421_202441_278_obstacle.jpg
2026-04-21 20:24:43.025,30.0,75.9,OBSTACLE,/home/ubuntu/software_ws/snapshots/20260421_202443_003_obstacle.jpg
2026-04-21 20:24:43.648,30.0,76.3,OBSTACLE,/home/ubuntu/software_ws/snapshots/20260421_202443_632_obstacle.jpg
2026-04-21 20:24:43.866,30.0,76.4,OBSTACLE,/home/ubuntu/software_ws/snapshots/20260421_202443_851_obstacle.jpg
2026-04-21 20:24:44.390,30.0,76.1,OBSTACLE,/home/ubuntu/software_ws/snapshots/20260421_202444_371_obstacle.jpg
2026-04-21 20:24:46.235,30.0,77.3,OBSTACLE,/home/ubuntu/software_ws/snapshots/20260421_202446_215_obstacle.jpg
2026-04-21 20:24:46.763,30.0,75.8,OBSTACLE,/home/ubuntu/software_ws/snapshots/20260421_202446_743_obstacle.jpg
2026-04-21 20:24:51.338,29.9,76.8,OBSTACLE,/home/ubuntu/software_ws/snapshots/20260421_202451_319_obstacle.jpg
2026-04-21 20:24:51.566,30.0,77.6,OBSTACLE,/home/ubuntu/software_ws/snapshots/20260421_202451_541_obstacle.jpg
2026-04-21 20:24:52.091,30.0,76.0,OBSTACLE,/home/ubuntu/software_ws/snapshots/20260421_202452_072_obstacle.jpg
2026-04-21 20:24:58.481,30.0,76.7,OBSTACLE,/home/ubuntu/software_ws/snapshots/20260421_202458_460_obstacle.jpg
2026-04-21 20:24:59.012,30.0,76.6,OBSTACLE,/home/ubuntu/software_ws/snapshots/20260421_202458_987_obstacle.jpg
2026-04-21 20:24:59.841,30.0,76.8,OBSTACLE,/home/ubuntu/software_ws/snapshots/20260421_202459_822_obstacle.jpg
2026-04-21 20:25:00.973,30.0,76.7,OBSTACLE,/home/ubuntu/software_ws/snapshots/20260421_202500_954_obstacle.jpg
2026-04-21 20:25:02.715,29.9,75.8,OBSTACLE,/home/ubuntu/software_ws/snapshots/20260421_202502_691_obstacle.jpg
2026-04-21 20:25:03.342,30.0,76.1,OBSTACLE,/home/ubuntu/software_ws/snapshots/20260421_202503_323_obstacle.jpg
2026-04-21 20:25:04.665,30.0,76.1,OBSTACLE,/home/ubuntu/software_ws/snapshots/20260421_202504_655_obstacle.jpg
2026-04-21 20:25:05.898,30.0,76.2,OBSTACLE,/home/ubuntu/software_ws/snapshots/20260421_202505_878_obstacle.jpg
2026-04-21 20:25:06.122,30.0,76.3,OBSTACLE,/home/ubuntu/software_ws/snapshots/20260421_202506_102_obstacle.jpg
2026-04-21 20:25:06.344,30.0,76.2,OBSTACLE,/home/ubuntu/software_ws/snapshots/20260421_202506_325_obstacle.jpg
2026-04-21 20:25:06.566,30.0,76.2,OBSTACLE,/home/ubuntu/software_ws/snapshots/20260421_202506_547_obstacle.jpg
2026-04-21 20:25:09.730,30.0,76.2,OBSTACLE,/home/ubuntu/software_ws/snapshots/20260421_202509_711_obstacle.jpg
2026-04-21 20:25:11.262,30.0,76.2,OBSTACLE,/home/ubuntu/software_ws/snapshots/20260421_202511_247_obstacle.jpg
2026-04-21 20:25:12.497,30.0,76.4,OBSTACLE,/home/ubuntu/software_ws/snapshots/20260421_202512_475_obstacle.jpg
2026-04-21 20:25:13.438,30.0,76.6,OBSTACLE,/home/ubuntu/software_ws/snapshots/20260421_202513_408_obstacle.jpg
2026-04-21 20:25:13.861,30.0,75.8,OBSTACLE,/home/ubuntu/software_ws/snapshots/20260421_202513_843_obstacle.jpg
2026-04-21 20:25:15.395,30.0,75.6,OBSTACLE,/home/ubuntu/software_ws/snapshots/20260421_202515_376_obstacle.jpg
2026-04-21 20:25:17.034,30.0,75.9,OBSTACLE,/home/ubuntu/software_ws/snapshots/20260421_202517_011_obstacle.jpg
2026-04-21 20:25:18.964,30.0,75.9,OBSTACLE,/home/ubuntu/software_ws/snapshots/20260421_202518_954_obstacle.jpg
2026-04-21 20:25:20.297,30.0,75.9,OBSTACLE,/home/ubuntu/software_ws/snapshots/20260421_202520_278_obstacle.jpg
2026-04-21 20:25:21.228,30.0,76.6,OBSTACLE,/home/ubuntu/software_ws/snapshots/20260421_202521_207_obstacle.jpg
2026-04-21 20:25:22.669,30.0,77.1,OBSTACLE,/home/ubuntu/software_ws/snapshots/20260421_202522_648_obstacle.jpg
2026-04-21 20:25:29.654,30.0,76.8,OBSTACLE,/home/ubuntu/software_ws/snapshots/20260421_202529_635_obstacle.jpg
2026-04-21 20:25:30.582,29.9,77.0,OBSTACLE,/home/ubuntu/software_ws/snapshots/20260421_202530_563_obstacle.jpg
2026-04-21 20:25:30.804,30.0,76.6,OBSTACLE,/home/ubuntu/software_ws/snapshots/20260421_202530_785_obstacle.jpg
2026-04-21 20:25:31.544,30.0,76.8,OBSTACLE,/home/ubuntu/software_ws/snapshots/20260421_202531_515_obstacle.jpg
2026-04-21 20:25:31.969,30.0,75.6,OBSTACLE,/home/ubuntu/software_ws/snapshots/20260421_202531_950_obstacle.jpg
2026-04-21 20:25:32.191,29.9,76.6,OBSTACLE,/home/ubuntu/software_ws/snapshots/20260421_202532_172_obstacle.jpg
2026-04-21 20:25:33.530,30.0,75.8,OBSTACLE,/home/ubuntu/software_ws/snapshots/20260421_202533_505_obstacle.jpg
2026-04-21 20:25:33.959,30.0,76.7,OBSTACLE,/home/ubuntu/software_ws/snapshots/20260421_202533_940_obstacle.jpg
2026-04-21 20:25:34.685,30.0,76.8,OBSTACLE,/home/ubuntu/software_ws/snapshots/20260421_202534_666_obstacle.jpg
2026-04-21 20:25:35.521,30.0,76.3,OBSTACLE,/home/ubuntu/software_ws/snapshots/20260421_202535_495_obstacle.jpg
2026-04-21 20:25:36.055,30.0,77.4,OBSTACLE,/home/ubuntu/software_ws/snapshots/20260421_202536_032_obstacle.jpg
2026-04-21 20:25:36.687,29.9,76.6,OBSTACLE,/home/ubuntu/software_ws/snapshots/20260421_202536_665_obstacle.jpg
2026-04-21 20:25:38.022,29.9,76.4,OBSTACLE,/home/ubuntu/software_ws/snapshots/20260421_202538_002_obstacle.jpg
2026-04-21 20:25:38.247,30.0,76.7,OBSTACLE,/home/ubuntu/software_ws/snapshots/20260421_202538_226_obstacle.jpg
2026-04-21 20:25:38.974,30.0,77.2,OBSTACLE,/home/ubuntu/software_ws/snapshots/20260421_202538_956_obstacle.jpg
2026-04-21 20:25:39.500,29.9,77.0,OBSTACLE,/home/ubuntu/software_ws/snapshots/20260421_202539_479_obstacle.jpg
2026-04-21 20:25:40.025,30.0,76.7,OBSTACLE,/home/ubuntu/software_ws/snapshots/20260421_202540_006_obstacle.jpg
2026-04-21 20:25:41.263,29.9,76.6,OBSTACLE,/home/ubuntu/software_ws/snapshots/20260421_202541_243_obstacle.jpg
2026-04-21 20:25:41.589,30.0,76.1,OBSTACLE,/home/ubuntu/software_ws/snapshots/20260421_202541_568_obstacle.jpg
2026-04-21 20:25:41.915,30.0,76.8,OBSTACLE,/home/ubuntu/software_ws/snapshots/20260421_202541_894_obstacle.jpg
2026-04-21 20:25:42.141,30.0,76.7,OBSTACLE,/home/ubuntu/software_ws/snapshots/20260421_202542_119_obstacle.jpg
2026-04-21 20:25:43.173,30.0,76.9,OBSTACLE,/home/ubuntu/software_ws/snapshots/20260421_202543_152_obstacle.jpg
2026-04-21 20:25:43.799,29.9,75.9,OBSTACLE,/home/ubuntu/software_ws/snapshots/20260421_202543_780_obstacle.jpg
2026-04-21 20:25:44.223,30.0,76.2,OBSTACLE,/home/ubuntu/software_ws/snapshots/20260421_202544_204_obstacle.jpg
2026-04-21 20:25:44.647,29.9,77.1,OBSTACLE,/home/ubuntu/software_ws/snapshots/20260421_202544_628_obstacle.jpg
2026-04-21 20:25:45.072,29.9,76.6,OBSTACLE,/home/ubuntu/software_ws/snapshots/20260421_202545_053_obstacle.jpg
2026-04-21 20:25:45.394,30.0,76.5,OBSTACLE,/home/ubuntu/software_ws/snapshots/20260421_202545_376_obstacle.jpg
2026-04-21 20:25:45.605,30.0,77.5,OBSTACLE,/home/ubuntu/software_ws/snapshots/20260421_202545_599_obstacle.jpg
2026-04-21 20:25:45.826,29.9,77.2,OBSTACLE,/home/ubuntu/software_ws/snapshots/20260421_202545_808_obstacle.jpg
2026-04-21 20:25:55.356,30.0,76.5,OBSTACLE,/home/ubuntu/software_ws/snapshots/20260421_202555_336_obstacle.jpg
2026-04-21 20:26:04.683,29.9,76.2,OBSTACLE,/home/ubuntu/software_ws/snapshots/20260421_202604_663_obstacle.jpg
2026-04-21 20:26:09.562,29.9,77.2,OBSTACLE,/home/ubuntu/software_ws/snapshots/20260421_202609_534_obstacle.jpg
2026-04-21 20:26:12.006,29.9,75.9,OBSTACLE,/home/ubuntu/software_ws/snapshots/20260421_202611_986_obstacle.jpg
2026-04-21 20:26:12.430,30.0,76.3,OBSTACLE,/home/ubuntu/software_ws/snapshots/20260421_202612_411_obstacle.jpg
2026-04-21 20:26:12.654,30.0,76.6,OBSTACLE,/home/ubuntu/software_ws/snapshots/20260421_202612_633_obstacle.jpg
2026-04-21 20:26:12.875,29.9,76.0,OBSTACLE,/home/ubuntu/software_ws/snapshots/20260421_202612_857_obstacle.jpg
2026-04-21 20:26:13.194,29.9,76.1,OBSTACLE,/home/ubuntu/software_ws/snapshots/20260421_202613_179_obstacle.jpg
2026-04-21 20:26:13.416,29.9,76.2,OBSTACLE,/home/ubuntu/software_ws/snapshots/20260421_202613_397_obstacle.jpg
2026-04-21 20:26:13.742,30.0,76.5,OBSTACLE,/home/ubuntu/software_ws/snapshots/20260421_202613_720_obstacle.jpg
2026-04-21 20:26:14.066,29.9,77.3,OBSTACLE,/home/ubuntu/software_ws/snapshots/20260421_202614_047_obstacle.jpg
2026-04-21 20:26:14.389,30.0,77.2,OBSTACLE,/home/ubuntu/software_ws/snapshots/20260421_202614_370_obstacle.jpg
2026-04-21 20:26:14.813,29.9,76.4,OBSTACLE,/home/ubuntu/software_ws/snapshots/20260421_202614_795_obstacle.jpg
2026-04-21 20:26:15.540,30.0,75.9,OBSTACLE,/home/ubuntu/software_ws/snapshots/20260421_202615_521_obstacle.jpg
2026-04-21 20:26:15.973,29.9,76.5,OBSTACLE,/home/ubuntu/software_ws/snapshots/20260421_202615_954_obstacle.jpg
2026-04-21 20:26:16.282,29.9,76.5,OBSTACLE,/home/ubuntu/software_ws/snapshots/20260421_202616_277_obstacle.jpg
2026-04-21 20:26:16.494,30.0,76.0,OBSTACLE,/home/ubuntu/software_ws/snapshots/20260421_202616_484_obstacle.jpg
2026-04-21 20:26:16.716,30.0,77.0,OBSTACLE,/home/ubuntu/software_ws/snapshots/20260421_202616_697_obstacle.jpg
2026-04-21 20:26:17.038,30.0,77.3,OBSTACLE,/home/ubuntu/software_ws/snapshots/20260421_202617_020_obstacle.jpg
2026-04-21 20:26:17.368,30.0,76.7,OBSTACLE,/home/ubuntu/software_ws/snapshots/20260421_202617_347_obstacle.jpg
2026-04-21 20:26:17.994,30.0,76.3,OBSTACLE,/home/ubuntu/software_ws/snapshots/20260421_202617_975_obstacle.jpg
2026-04-21 20:26:18.319,30.0,76.6,OBSTACLE,/home/ubuntu/software_ws/snapshots/20260421_202618_299_obstacle.jpg
2026-04-21 20:26:18.649,29.9,76.6,OBSTACLE,/home/ubuntu/software_ws/snapshots/20260421_202618_623_obstacle.jpg
2026-04-21 20:26:19.178,30.0,76.7,OBSTACLE,/home/ubuntu/software_ws/snapshots/20260421_202619_159_obstacle.jpg
2026-04-21 20:26:19.602,30.0,76.3,OBSTACLE,/home/ubuntu/software_ws/snapshots/20260421_202619_583_obstacle.jpg
2026-04-21 20:26:19.825,30.0,75.5,OBSTACLE,/home/ubuntu/software_ws/snapshots/20260421_202619_806_obstacle.jpg
2026-04-21 20:26:20.454,30.0,75.8,OBSTACLE,/home/ubuntu/software_ws/snapshots/20260421_202620_431_obstacle.jpg
2026-04-21 20:26:20.784,30.0,76.4,OBSTACLE,/home/ubuntu/software_ws/snapshots/20260421_202620_765_obstacle.jpg
2026-04-21 20:26:21.208,30.0,76.2,OBSTACLE,/home/ubuntu/software_ws/snapshots/20260421_202621_189_obstacle.jpg
2026-04-21 20:26:21.430,30.0,76.4,OBSTACLE,/home/ubuntu/software_ws/snapshots/20260421_202621_411_obstacle.jpg
2026-04-21 20:26:21.967,30.0,75.8,OBSTACLE,/home/ubuntu/software_ws/snapshots/20260421_202621_939_obstacle.jpg
2026-04-21 20:26:22.283,30.0,76.2,OBSTACLE,/home/ubuntu/software_ws/snapshots/20260421_202622_272_obstacle.jpg
2026-04-21 20:26:22.506,30.0,76.6,OBSTACLE,/home/ubuntu/software_ws/snapshots/20260421_202622_485_obstacle.jpg
2026-04-21 20:26:23.135,30.0,76.6,OBSTACLE,/home/ubuntu/software_ws/snapshots/20260421_202623_114_obstacle.jpg
2026-04-21 20:26:23.979,30.0,76.0,OBSTACLE,/home/ubuntu/software_ws/snapshots/20260421_202623_948_obstacle.jpg
2026-04-21 20:26:24.506,30.0,76.7,OBSTACLE,/home/ubuntu/software_ws/snapshots/20260421_202624_485_obstacle.jpg
2026-04-21 20:26:24.730,29.9,76.6,OBSTACLE,/home/ubuntu/software_ws/snapshots/20260421_202624_709_obstacle.jpg
2026-04-21 20:26:25.044,30.0,78.0,OBSTACLE,/home/ubuntu/software_ws/snapshots/20260421_202625_034_obstacle.jpg
2026-04-21 20:26:25.371,30.0,76.5,OBSTACLE,/home/ubuntu/software_ws/snapshots/20260421_202625_351_obstacle.jpg
2026-04-21 20:26:25.695,30.0,76.4,OBSTACLE,/home/ubuntu/software_ws/snapshots/20260421_202625_675_obstacle.jpg
2026-04-21 20:26:25.917,29.9,77.0,OBSTACLE,/home/ubuntu/software_ws/snapshots/20260421_202625_898_obstacle.jpg
2026-04-21 20:26:26.341,29.9,75.9,OBSTACLE,/home/ubuntu/software_ws/snapshots/20260421_202626_322_obstacle.jpg
2026-04-21 20:26:26.664,30.0,76.0,OBSTACLE,/home/ubuntu/software_ws/snapshots/20260421_202626_645_obstacle.jpg
2026-04-21 20:26:26.987,30.0,76.7,OBSTACLE,/home/ubuntu/software_ws/snapshots/20260421_202626_968_obstacle.jpg
2026-04-21 20:26:27.411,30.0,76.1,OBSTACLE,/home/ubuntu/software_ws/snapshots/20260421_202627_392_obstacle.jpg
2026-04-21 20:26:27.632,29.9,76.4,OBSTACLE,/home/ubuntu/software_ws/snapshots/20260421_202627_614_obstacle.jpg
2026-04-21 20:26:28.071,29.9,75.8,OBSTACLE,/home/ubuntu/software_ws/snapshots/20260421_202628_039_obstacle.jpg
2026-04-21 20:26:28.285,30.0,76.0,OBSTACLE,/home/ubuntu/software_ws/snapshots/20260421_202628_274_obstacle.jpg
2026-04-21 20:26:28.709,30.0,76.6,OBSTACLE,/home/ubuntu/software_ws/snapshots/20260421_202628_689_obstacle.jpg
2026-04-21 20:26:29.134,29.9,77.0,OBSTACLE,/home/ubuntu/software_ws/snapshots/20260421_202629_114_obstacle.jpg
2026-04-21 20:26:29.468,29.9,77.2,OBSTACLE,/home/ubuntu/software_ws/snapshots/20260421_202629_438_obstacle.jpg
2026-04-21 20:26:29.693,30.0,76.0,OBSTACLE,/home/ubuntu/software_ws/snapshots/20260421_202629_671_obstacle.jpg
2026-04-21 20:26:30.107,30.0,75.7,OBSTACLE,/home/ubuntu/software_ws/snapshots/20260421_202630_096_obstacle.jpg
2026-04-21 20:26:30.429,30.0,76.8,OBSTACLE,/home/ubuntu/software_ws/snapshots/20260421_202630_412_obstacle.jpg
2026-04-21 20:26:30.757,30.0,76.7,OBSTACLE,/home/ubuntu/software_ws/snapshots/20260421_202630_733_obstacle.jpg
2026-04-21 20:26:31.484,29.9,77.3,OBSTACLE,/home/ubuntu/software_ws/snapshots/20260421_202631_465_obstacle.jpg
2026-04-21 20:26:31.804,30.0,76.4,OBSTACLE,/home/ubuntu/software_ws/snapshots/20260421_202631_787_obstacle.jpg
2026-04-21 20:26:32.017,30.0,76.4,OBSTACLE,/home/ubuntu/software_ws/snapshots/20260421_202632_006_obstacle.jpg
2026-04-21 20:26:32.439,29.9,76.8,OBSTACLE,/home/ubuntu/software_ws/snapshots/20260421_202632_421_obstacle.jpg
2026-04-21 20:26:34.587,29.9,76.6,OBSTACLE,/home/ubuntu/software_ws/snapshots/20260421_202634_569_obstacle.jpg
2026-04-21 20:26:34.810,30.0,75.9,OBSTACLE,/home/ubuntu/software_ws/snapshots/20260421_202634_790_obstacle.jpg
2026-04-21 20:26:35.538,30.0,76.1,OBSTACLE,/home/ubuntu/software_ws/snapshots/20260421_202635_518_obstacle.jpg
2026-04-21 20:26:35.760,30.0,76.8,OBSTACLE,/home/ubuntu/software_ws/snapshots/20260421_202635_741_obstacle.jpg
2026-04-21 20:26:35.984,29.9,76.0,OBSTACLE,/home/ubuntu/software_ws/snapshots/20260421_202635_965_obstacle.jpg
2026-04-21 20:26:36.415,30.0,76.5,OBSTACLE,/home/ubuntu/software_ws/snapshots/20260421_202636_389_obstacle.jpg
2026-04-21 20:26:36.728,30.0,76.6,OBSTACLE,/home/ubuntu/software_ws/snapshots/20260421_202636_720_obstacle.jpg
2026-04-21 20:26:36.952,29.9,76.5,OBSTACLE,/home/ubuntu/software_ws/snapshots/20260421_202636_932_obstacle.jpg
2026-04-21 20:26:44.153,29.9,75.9,OBSTACLE,/home/ubuntu/software_ws/snapshots/20260421_202644_134_obstacle.jpg
2026-04-21 20:26:44.570,30.0,75.7,OBSTACLE,/home/ubuntu/software_ws/snapshots/20260421_202644_559_obstacle.jpg
2026-04-21 20:26:45.186,30.0,77.0,OBSTACLE,/home/ubuntu/software_ws/snapshots/20260421_202645_176_obstacle.jpg
2026-04-21 20:26:45.399,29.8,76.7,OBSTACLE,/home/ubuntu/software_ws/snapshots/20260421_202645_389_obstacle.jpg
2026-04-21 20:26:53.291,30.0,77.0,OBSTACLE,/home/ubuntu/software_ws/snapshots/20260421_202653_278_obstacle.jpg
2026-04-21 20:26:53.702,29.9,76.5,OBSTACLE,/home/ubuntu/software_ws/snapshots/20260421_202653_694_obstacle.jpg
2026-04-21 20:26:54.630,30.0,76.5,OBSTACLE,/home/ubuntu/software_ws/snapshots/20260421_202654_612_obstacle.jpg
2026-04-21 20:26:54.852,30.0,76.3,OBSTACLE,/home/ubuntu/software_ws/snapshots/20260421_202654_834_obstacle.jpg
2026-04-21 20:26:55.570,30.0,76.0,OBSTACLE,/home/ubuntu/software_ws/snapshots/20260421_202655_559_obstacle.jpg
2026-04-21 20:26:56.902,29.9,75.7,OBSTACLE,/home/ubuntu/software_ws/snapshots/20260421_202656_883_obstacle.jpg
2026-04-21 20:26:57.110,30.0,76.1,OBSTACLE,/home/ubuntu/software_ws/snapshots/20260421_202657_105_obstacle.jpg
2026-04-21 20:26:57.941,29.9,76.1,OBSTACLE,/home/ubuntu/software_ws/snapshots/20260421_202657_922_obstacle.jpg
2026-04-21 20:26:58.272,30.0,76.2,OBSTACLE,/home/ubuntu/software_ws/snapshots/20260421_202658_244_obstacle.jpg
2026-04-21 20:26:58.698,29.9,76.2,OBSTACLE,/home/ubuntu/software_ws/snapshots/20260421_202658_677_obstacle.jpg
2026-04-21 20:26:59.023,30.0,76.4,OBSTACLE,/home/ubuntu/software_ws/snapshots/20260421_202659_002_obstacle.jpg
2026-04-21 20:26:59.448,30.0,76.3,OBSTACLE,/home/ubuntu/software_ws/snapshots/20260421_202659_429_obstacle.jpg
2026-04-21 20:27:00.686,30.0,76.2,OBSTACLE,/home/ubuntu/software_ws/snapshots/20260421_202700_661_obstacle.jpg
2026-04-21 20:27:01.414,29.9,76.0,OBSTACLE,/home/ubuntu/software_ws/snapshots/20260421_202701_393_obstacle.jpg
2026-04-21 20:27:01.629,30.0,76.5,OBSTACLE,/home/ubuntu/software_ws/snapshots/20260421_202701_618_obstacle.jpg
2026-04-21 20:27:02.153,30.0,77.3,OBSTACLE,/home/ubuntu/software_ws/snapshots/20260421_202702_134_obstacle.jpg
2026-04-21 20:27:02.585,29.9,75.8,OBSTACLE,/home/ubuntu/software_ws/snapshots/20260421_202702_559_obstacle.jpg
2026-04-21 20:27:03.017,30.0,76.3,OBSTACLE,/home/ubuntu/software_ws/snapshots/20260421_202702_990_obstacle.jpg
2026-04-21 20:27:03.645,29.9,77.0,OBSTACLE,/home/ubuntu/software_ws/snapshots/20260421_202703_624_obstacle.jpg
2026-04-21 20:27:03.851,29.9,74.7,OBSTACLE,/home/ubuntu/software_ws/snapshots/20260421_202703_847_obstacle.jpg
2026-04-21 20:27:04.275,30.0,76.3,OBSTACLE,/home/ubuntu/software_ws/snapshots/20260421_202704_255_obstacle.jpg
2026-04-21 20:27:04.701,30.0,76.3,OBSTACLE,/home/ubuntu/software_ws/snapshots/20260421_202704_682_obstacle.jpg
2026-04-21 20:27:05.133,30.0,75.6,OBSTACLE,/home/ubuntu/software_ws/snapshots/20260421_202705_106_obstacle.jpg
2026-04-21 20:27:06.163,30.0,76.7,OBSTACLE,/home/ubuntu/software_ws/snapshots/20260421_202706_144_obstacle.jpg
2026-04-21 20:27:06.688,29.9,75.8,OBSTACLE,/home/ubuntu/software_ws/snapshots/20260421_202706_669_obstacle.jpg
2026-04-21 20:27:06.996,30.0,76.1,OBSTACLE,/home/ubuntu/software_ws/snapshots/20260421_202706_991_obstacle.jpg
2026-04-21 20:27:07.307,29.9,75.8,OBSTACLE,/home/ubuntu/software_ws/snapshots/20260421_202707_299_obstacle.jpg
2026-04-21 20:27:07.732,30.0,76.3,OBSTACLE,/home/ubuntu/software_ws/snapshots/20260421_202707_711_obstacle.jpg
2026-04-21 20:27:08.155,30.0,76.4,OBSTACLE,/home/ubuntu/software_ws/snapshots/20260421_202708_137_obstacle.jpg
2026-04-21 20:27:08.678,30.0,76.2,OBSTACLE,/home/ubuntu/software_ws/snapshots/20260421_202708_661_obstacle.jpg
2026-04-21 20:27:09.102,29.9,77.1,OBSTACLE,/home/ubuntu/software_ws/snapshots/20260421_202709_084_obstacle.jpg
2026-04-21 20:27:09.635,30.0,76.4,OBSTACLE,/home/ubuntu/software_ws/snapshots/20260421_202709_608_obstacle.jpg
2026-04-21 20:27:10.060,29.9,76.7,OBSTACLE,/home/ubuntu/software_ws/snapshots/20260421_202710_040_obstacle.jpg
2026-04-21 20:27:10.279,30.0,76.6,OBSTACLE,/home/ubuntu/software_ws/snapshots/20260421_202710_264_obstacle.jpg
2026-04-21 20:27:10.802,29.9,76.9,OBSTACLE,/home/ubuntu/software_ws/snapshots/20260421_202710_787_obstacle.jpg
2026-04-21 20:27:11.023,30.0,76.1,OBSTACLE,/home/ubuntu/software_ws/snapshots/20260421_202711_005_obstacle.jpg
2026-04-21 20:27:11.337,30.0,76.6,OBSTACLE,/home/ubuntu/software_ws/snapshots/20260421_202711_327_obstacle.jpg
2026-04-21 20:27:11.853,30.0,77.3,OBSTACLE,/home/ubuntu/software_ws/snapshots/20260421_202711_842_obstacle.jpg
2026-04-21 20:27:12.190,30.0,75.6,OBSTACLE,/home/ubuntu/software_ws/snapshots/20260421_202712_157_obstacle.jpg
2026-04-21 20:27:12.513,29.9,76.2,OBSTACLE,/home/ubuntu/software_ws/snapshots/20260421_202712_494_obstacle.jpg
2026-04-21 20:27:12.734,29.9,76.6,OBSTACLE,/home/ubuntu/software_ws/snapshots/20260421_202712_716_obstacle.jpg
2026-04-21 20:27:13.059,29.9,76.4,OBSTACLE,/home/ubuntu/software_ws/snapshots/20260421_202713_038_obstacle.jpg
2026-04-21 20:27:13.386,30.0,77.1,OBSTACLE,/home/ubuntu/software_ws/snapshots/20260421_202713_365_obstacle.jpg
2026-04-21 20:27:13.609,30.0,76.7,OBSTACLE,/home/ubuntu/software_ws/snapshots/20260421_202713_589_obstacle.jpg
2026-04-21 20:27:14.235,30.0,76.0,OBSTACLE,/home/ubuntu/software_ws/snapshots/20260421_202714_216_obstacle.jpg
2026-04-21 20:27:14.456,30.0,76.6,OBSTACLE,/home/ubuntu/software_ws/snapshots/20260421_202714_438_obstacle.jpg
2026-04-21 20:27:14.982,30.0,76.0,OBSTACLE,/home/ubuntu/software_ws/snapshots/20260421_202714_963_obstacle.jpg
2026-04-21 20:27:15.511,30.0,76.7,OBSTACLE,/home/ubuntu/software_ws/snapshots/20260421_202715_491_obstacle.jpg
2026-04-21 20:27:15.937,30.0,76.3,OBSTACLE,/home/ubuntu/software_ws/snapshots/20260421_202715_917_obstacle.jpg
2026-04-21 20:27:16.262,29.9,76.4,OBSTACLE,/home/ubuntu/software_ws/snapshots/20260421_202716_242_obstacle.jpg
2026-04-21 20:27:16.786,30.0,77.0,OBSTACLE,/home/ubuntu/software_ws/snapshots/20260421_202716_771_obstacle.jpg
2026-04-21 20:27:17.005,30.0,76.8,OBSTACLE,/home/ubuntu/software_ws/snapshots/20260421_202716_990_obstacle.jpg
2026-04-21 20:27:17.634,30.0,76.9,OBSTACLE,/home/ubuntu/software_ws/snapshots/20260421_202717_613_obstacle.jpg
2026-04-21 20:27:17.958,30.0,77.1,OBSTACLE,/home/ubuntu/software_ws/snapshots/20260421_202717_939_obstacle.jpg
2026-04-21 20:27:18.385,29.9,76.5,OBSTACLE,/home/ubuntu/software_ws/snapshots/20260421_202718_363_obstacle.jpg
2026-04-21 20:27:18.810,30.0,76.6,OBSTACLE,/home/ubuntu/software_ws/snapshots/20260421_202718_792_obstacle.jpg
2026-04-21 20:27:19.032,30.0,75.6,OBSTACLE,/home/ubuntu/software_ws/snapshots/20260421_202719_013_obstacle.jpg
2026-04-21 20:27:19.556,30.0,76.6,OBSTACLE,/home/ubuntu/software_ws/snapshots/20260421_202719_538_obstacle.jpg
2026-04-21 20:27:19.872,30.0,76.1,OBSTACLE,/home/ubuntu/software_ws/snapshots/20260421_202719_860_obstacle.jpg
2026-04-21 20:27:20.097,29.9,76.3,OBSTACLE,/home/ubuntu/software_ws/snapshots/20260421_202720_075_obstacle.jpg
2026-04-21 20:27:20.723,30.0,76.6,OBSTACLE,/home/ubuntu/software_ws/snapshots/20260421_202720_703_obstacle.jpg
2026-04-21 20:27:20.947,30.0,76.4,OBSTACLE,/home/ubuntu/software_ws/snapshots/20260421_202720_926_obstacle.jpg
2026-04-21 20:27:21.876,30.0,76.4,OBSTACLE,/home/ubuntu/software_ws/snapshots/20260421_202721_858_obstacle.jpg
2026-04-21 20:27:22.412,30.0,76.4,OBSTACLE,/home/ubuntu/software_ws/snapshots/20260421_202722_392_obstacle.jpg
2026-04-21 20:27:22.839,30.0,77.2,OBSTACLE,/home/ubuntu/software_ws/snapshots/20260421_202722_818_obstacle.jpg
2026-04-21 20:27:23.473,30.0,75.5,OBSTACLE,/home/ubuntu/software_ws/snapshots/20260421_202723_448_obstacle.jpg
2026-04-21 20:27:23.797,29.9,75.6,OBSTACLE,/home/ubuntu/software_ws/snapshots/20260421_202723_777_obstacle.jpg
2026-04-21 20:27:24.523,30.0,76.2,OBSTACLE,/home/ubuntu/software_ws/snapshots/20260421_202724_504_obstacle.jpg
2026-04-21 20:27:25.755,29.9,76.1,OBSTACLE,/home/ubuntu/software_ws/snapshots/20260421_202725_736_obstacle.jpg
2026-04-21 20:27:27.089,30.0,76.7,OBSTACLE,/home/ubuntu/software_ws/snapshots/20260421_202727_067_obstacle.jpg
2026-04-21 20:27:27.517,30.0,76.4,OBSTACLE,/home/ubuntu/software_ws/snapshots/20260421_202727_496_obstacle.jpg
2026-04-21 20:27:28.346,30.0,76.9,OBSTACLE,/home/ubuntu/software_ws/snapshots/20260421_202728_327_obstacle.jpg
2026-04-21 20:27:28.569,30.0,75.8,OBSTACLE,/home/ubuntu/software_ws/snapshots/20260421_202728_549_obstacle.jpg
2026-04-21 20:27:29.088,30.0,76.1,OBSTACLE,/home/ubuntu/software_ws/snapshots/20260421_202729_074_obstacle.jpg
2026-04-21 20:27:29.616,30.0,75.8,OBSTACLE,/home/ubuntu/software_ws/snapshots/20260421_202729_597_obstacle.jpg
2026-04-21 20:27:29.930,30.0,76.6,OBSTACLE,/home/ubuntu/software_ws/snapshots/20260421_202729_920_obstacle.jpg
2026-04-21 20:27:30.661,29.9,76.9,OBSTACLE,/home/ubuntu/software_ws/snapshots/20260421_202730_639_obstacle.jpg
2026-04-21 20:27:31.088,30.0,76.9,OBSTACLE,/home/ubuntu/software_ws/snapshots/20260421_202731_066_obstacle.jpg
2026-04-21 20:27:31.306,30.0,76.3,OBSTACLE,/home/ubuntu/software_ws/snapshots/20260421_202731_291_obstacle.jpg
2026-04-21 20:27:31.830,30.0,76.3,OBSTACLE,/home/ubuntu/software_ws/snapshots/20260421_202731_811_obstacle.jpg
2026-04-21 20:27:32.052,30.0,76.6,OBSTACLE,/home/ubuntu/software_ws/snapshots/20260421_202732_033_obstacle.jpg
2026-04-21 20:27:32.275,30.0,76.1,OBSTACLE,/home/ubuntu/software_ws/snapshots/20260421_202732_256_obstacle.jpg
2026-04-21 20:27:32.792,29.9,76.3,OBSTACLE,/home/ubuntu/software_ws/snapshots/20260421_202732_781_obstacle.jpg
2026-04-21 20:27:33.120,30.0,76.5,OBSTACLE,/home/ubuntu/software_ws/snapshots/20260421_202733_098_obstacle.jpg
2026-04-21 20:27:33.445,30.0,76.7,OBSTACLE,/home/ubuntu/software_ws/snapshots/20260421_202733_424_obstacle.jpg
2026-04-21 20:27:33.670,30.0,77.1,OBSTACLE,/home/ubuntu/software_ws/snapshots/20260421_202733_649_obstacle.jpg
2026-04-21 20:27:34.097,30.0,76.9,OBSTACLE,/home/ubuntu/software_ws/snapshots/20260421_202734_074_obstacle.jpg
2026-04-21 20:27:34.524,29.9,77.0,OBSTACLE,/home/ubuntu/software_ws/snapshots/20260421_202734_502_obstacle.jpg
2026-04-21 20:27:35.058,30.0,76.6,OBSTACLE,/home/ubuntu/software_ws/snapshots/20260421_202735_033_obstacle.jpg
2026-04-21 20:27:35.794,30.0,75.6,OBSTACLE,/home/ubuntu/software_ws/snapshots/20260421_202735_767_obstacle.jpg
2026-04-21 20:27:36.306,30.0,77.2,OBSTACLE,/home/ubuntu/software_ws/snapshots/20260421_202736_301_obstacle.jpg
2026-04-21 20:27:36.631,30.0,77.1,OBSTACLE,/home/ubuntu/software_ws/snapshots/20260421_202736_610_obstacle.jpg
2026-04-21 20:27:36.957,30.0,77.0,OBSTACLE,/home/ubuntu/software_ws/snapshots/20260421_202736_936_obstacle.jpg
2026-04-21 20:27:37.181,30.0,76.1,OBSTACLE,/home/ubuntu/software_ws/snapshots/20260421_202737_160_obstacle.jpg
2026-04-21 20:27:37.716,30.0,76.4,OBSTACLE,/home/ubuntu/software_ws/snapshots/20260421_202737_695_obstacle.jpg
2026-04-21 20:27:37.940,30.0,76.5,OBSTACLE,/home/ubuntu/software_ws/snapshots/20260421_202737_919_obstacle.jpg
2026-04-21 20:27:38.365,30.0,77.8,OBSTACLE,/home/ubuntu/software_ws/snapshots/20260421_202738_345_obstacle.jpg
2026-04-21 20:27:38.894,29.9,75.8,OBSTACLE,/home/ubuntu/software_ws/snapshots/20260421_202738_870_obstacle.jpg
2026-04-21 20:27:39.116,30.0,77.0,OBSTACLE,/home/ubuntu/software_ws/snapshots/20260421_202739_097_obstacle.jpg
2026-04-21 20:27:39.843,30.0,76.9,OBSTACLE,/home/ubuntu/software_ws/snapshots/20260421_202739_824_obstacle.jpg
2026-04-21 20:27:40.365,29.9,77.0,OBSTACLE,/home/ubuntu/software_ws/snapshots/20260421_202740_350_obstacle.jpg
2026-04-21 20:27:40.793,29.9,76.6,OBSTACLE,/home/ubuntu/software_ws/snapshots/20260421_202740_769_obstacle.jpg
2026-04-21 20:27:41.307,30.0,77.1,OBSTACLE,/home/ubuntu/software_ws/snapshots/20260421_202741_300_obstacle.jpg
2026-04-21 20:27:41.528,29.9,76.4,OBSTACLE,/home/ubuntu/software_ws/snapshots/20260421_202741_509_obstacle.jpg
2026-04-21 20:27:42.355,30.0,76.3,OBSTACLE,/home/ubuntu/software_ws/snapshots/20260421_202742_337_obstacle.jpg
2026-04-21 20:27:42.587,30.0,76.5,OBSTACLE,/home/ubuntu/software_ws/snapshots/20260421_202742_559_obstacle.jpg
2026-04-21 20:27:42.810,30.0,76.1,OBSTACLE,/home/ubuntu/software_ws/snapshots/20260421_202742_791_obstacle.jpg
2026-04-21 20:27:43.739,30.0,76.7,OBSTACLE,/home/ubuntu/software_ws/snapshots/20260421_202743_720_obstacle.jpg
2026-04-21 20:27:44.263,30.0,76.5,OBSTACLE,/home/ubuntu/software_ws/snapshots/20260421_202744_244_obstacle.jpg
2026-04-21 20:27:44.586,30.0,76.4,OBSTACLE,/home/ubuntu/software_ws/snapshots/20260421_202744_567_obstacle.jpg
2026-04-21 20:27:44.810,30.0,76.7,OBSTACLE,/home/ubuntu/software_ws/snapshots/20260421_202744_791_obstacle.jpg
2026-04-21 20:27:45.038,30.0,77.0,OBSTACLE,/home/ubuntu/software_ws/snapshots/20260421_202745_013_obstacle.jpg
2026-04-21 20:27:45.260,30.0,76.3,OBSTACLE,/home/ubuntu/software_ws/snapshots/20260421_202745_241_obstacle.jpg
2026-04-21 20:27:45.485,30.0,76.0,OBSTACLE,/home/ubuntu/software_ws/snapshots/20260421_202745_463_obstacle.jpg
2026-04-21 20:27:46.114,30.0,76.6,OBSTACLE,/home/ubuntu/software_ws/snapshots/20260421_202746_094_obstacle.jpg
2026-04-21 20:27:46.545,30.0,76.3,OBSTACLE,/home/ubuntu/software_ws/snapshots/20260421_202746_518_obstacle.jpg
2026-04-21 20:27:47.574,30.0,76.6,OBSTACLE,/home/ubuntu/software_ws/snapshots/20260421_202747_555_obstacle.jpg
2026-04-21 20:27:48.006,29.9,76.8,OBSTACLE,/home/ubuntu/software_ws/snapshots/20260421_202747_979_obstacle.jpg
2026-04-21 20:27:48.632,29.9,77.0,OBSTACLE,/home/ubuntu/software_ws/snapshots/20260421_202748_613_obstacle.jpg
2026-04-21 20:27:49.056,30.0,76.9,OBSTACLE,/home/ubuntu/software_ws/snapshots/20260421_202749_038_obstacle.jpg
2026-04-21 20:27:49.583,30.0,76.8,OBSTACLE,/home/ubuntu/software_ws/snapshots/20260421_202749_562_obstacle.jpg
2026-04-21 20:27:49.806,30.0,75.7,OBSTACLE,/home/ubuntu/software_ws/snapshots/20260421_202749_786_obstacle.jpg
2026-04-21 20:27:50.327,30.0,76.5,OBSTACLE,/home/ubuntu/software_ws/snapshots/20260421_202750_312_obstacle.jpg
2026-04-21 20:27:53.076,30.0,76.7,OBSTACLE,/home/ubuntu/software_ws/snapshots/20260421_202753_057_obstacle.jpg
2026-04-21 20:27:53.603,30.0,76.4,OBSTACLE,/home/ubuntu/software_ws/snapshots/20260421_202753_581_obstacle.jpg
2026-04-21 20:27:53.826,30.0,76.6,OBSTACLE,/home/ubuntu/software_ws/snapshots/20260421_202753_807_obstacle.jpg
2026-04-21 20:27:54.553,29.9,76.1,OBSTACLE,/home/ubuntu/software_ws/snapshots/20260421_202754_534_obstacle.jpg
2026-04-21 20:27:54.977,29.9,75.7,OBSTACLE,/home/ubuntu/software_ws/snapshots/20260421_202754_958_obstacle.jpg
2026-04-21 20:27:55.405,30.0,77.0,OBSTACLE,/home/ubuntu/software_ws/snapshots/20260421_202755_383_obstacle.jpg
2026-04-21 20:27:55.713,30.0,75.7,OBSTACLE,/home/ubuntu/software_ws/snapshots/20260421_202755_709_obstacle.jpg
2026-04-21 20:27:55.934,29.9,76.5,OBSTACLE,/home/ubuntu/software_ws/snapshots/20260421_202755_915_obstacle.jpg
2026-04-21 20:27:56.156,30.0,76.7,OBSTACLE,/home/ubuntu/software_ws/snapshots/20260421_202756_137_obstacle.jpg
2026-04-21 20:27:58.406,30.0,76.9,OBSTACLE,/home/ubuntu/software_ws/snapshots/20260421_202758_378_obstacle.jpg
2026-04-21 20:27:58.629,29.9,76.4,OBSTACLE,/home/ubuntu/software_ws/snapshots/20260421_202758_609_obstacle.jpg
2026-04-21 20:27:59.053,30.0,76.6,OBSTACLE,/home/ubuntu/software_ws/snapshots/20260421_202759_034_obstacle.jpg
2026-04-21 20:27:59.377,30.0,76.6,OBSTACLE,/home/ubuntu/software_ws/snapshots/20260421_202759_357_obstacle.jpg
2026-04-21 20:27:59.614,30.0,77.1,OBSTACLE,/home/ubuntu/software_ws/snapshots/20260421_202759_580_obstacle.jpg
2026-04-21 20:28:00.850,30.0,77.0,OBSTACLE,/home/ubuntu/software_ws/snapshots/20260421_202800_836_obstacle.jpg
2026-04-21 20:28:01.180,30.0,76.6,OBSTACLE,/home/ubuntu/software_ws/snapshots/20260421_202801_153_obstacle.jpg
2026-04-21 20:28:01.910,30.0,76.4,OBSTACLE,/home/ubuntu/software_ws/snapshots/20260421_202801_890_obstacle.jpg
2026-04-21 20:28:02.436,30.0,77.3,OBSTACLE,/home/ubuntu/software_ws/snapshots/20260421_202802_415_obstacle.jpg
2026-04-21 20:28:02.651,29.9,76.7,OBSTACLE,/home/ubuntu/software_ws/snapshots/20260421_202802_639_obstacle.jpg
2026-04-21 20:28:02.873,30.0,76.6,OBSTACLE,/home/ubuntu/software_ws/snapshots/20260421_202802_854_obstacle.jpg
2026-04-21 20:28:03.392,30.0,76.7,OBSTACLE,/home/ubuntu/software_ws/snapshots/20260421_202803_378_obstacle.jpg
2026-04-21 20:28:03.918,30.0,76.7,OBSTACLE,/home/ubuntu/software_ws/snapshots/20260421_202803_898_obstacle.jpg
2026-04-21 20:28:04.140,30.0,77.3,OBSTACLE,/home/ubuntu/software_ws/snapshots/20260421_202804_121_obstacle.jpg
2026-04-21 20:28:04.463,29.9,76.1,OBSTACLE,/home/ubuntu/software_ws/snapshots/20260421_202804_444_obstacle.jpg
2026-04-21 20:28:04.990,29.9,76.8,OBSTACLE,/home/ubuntu/software_ws/snapshots/20260421_202804_970_obstacle.jpg
2026-04-21 20:28:05.312,30.0,77.1,OBSTACLE,/home/ubuntu/software_ws/snapshots/20260421_202805_295_obstacle.jpg
2026-04-21 20:28:05.536,30.0,77.0,OBSTACLE,/home/ubuntu/software_ws/snapshots/20260421_202805_514_obstacle.jpg
2026-04-21 20:28:05.860,30.0,76.6,OBSTACLE,/home/ubuntu/software_ws/snapshots/20260421_202805_839_obstacle.jpg
2026-04-21 20:28:06.294,30.0,77.2,OBSTACLE,/home/ubuntu/software_ws/snapshots/20260421_202806_265_obstacle.jpg
2026-04-21 20:28:06.723,30.0,76.8,OBSTACLE,/home/ubuntu/software_ws/snapshots/20260421_202806_701_obstacle.jpg
2026-04-21 20:28:07.452,30.0,76.3,OBSTACLE,/home/ubuntu/software_ws/snapshots/20260421_202807_431_obstacle.jpg
2026-04-21 20:28:07.878,30.0,76.4,OBSTACLE,/home/ubuntu/software_ws/snapshots/20260421_202807_857_obstacle.jpg
2026-04-21 20:28:08.412,30.0,76.8,OBSTACLE,/home/ubuntu/software_ws/snapshots/20260421_202808_384_obstacle.jpg
2026-04-21 20:28:09.244,29.9,76.6,OBSTACLE,/home/ubuntu/software_ws/snapshots/20260421_202809_223_obstacle.jpg
2026-04-21 20:28:09.570,30.0,76.7,OBSTACLE,/home/ubuntu/software_ws/snapshots/20260421_202809_549_obstacle.jpg
2026-04-21 20:28:09.792,30.0,76.2,OBSTACLE,/home/ubuntu/software_ws/snapshots/20260421_202809_773_obstacle.jpg
2026-04-21 20:28:10.012,30.0,76.7,OBSTACLE,/home/ubuntu/software_ws/snapshots/20260421_202809_995_obstacle.jpg
2026-04-21 20:28:10.437,30.0,76.6,OBSTACLE,/home/ubuntu/software_ws/snapshots/20260421_202810_416_obstacle.jpg
2026-04-21 20:28:10.762,29.9,75.7,OBSTACLE,/home/ubuntu/software_ws/snapshots/20260421_202810_741_obstacle.jpg
2026-04-21 20:28:11.089,30.0,76.8,OBSTACLE,/home/ubuntu/software_ws/snapshots/20260421_202811_066_obstacle.jpg
2026-04-21 20:28:11.313,30.0,76.9,OBSTACLE,/home/ubuntu/software_ws/snapshots/20260421_202811_292_obstacle.jpg
2026-04-21 20:28:11.536,30.0,76.7,OBSTACLE,/home/ubuntu/software_ws/snapshots/20260421_202811_515_obstacle.jpg
2026-04-21 20:28:12.164,30.0,76.9,OBSTACLE,/home/ubuntu/software_ws/snapshots/20260421_202812_144_obstacle.jpg
2026-04-21 20:28:12.598,30.0,76.6,OBSTACLE,/home/ubuntu/software_ws/snapshots/20260421_202812_569_obstacle.jpg
2026-04-21 20:28:12.934,30.0,75.6,OBSTACLE,/home/ubuntu/software_ws/snapshots/20260421_202812_905_obstacle.jpg
2026-04-21 20:28:13.261,30.0,77.1,OBSTACLE,/home/ubuntu/software_ws/snapshots/20260421_202813_240_obstacle.jpg
2026-04-21 20:28:13.483,30.0,75.8,OBSTACLE,/home/ubuntu/software_ws/snapshots/20260421_202813_464_obstacle.jpg
2026-04-21 20:28:14.013,30.0,76.5,OBSTACLE,/home/ubuntu/software_ws/snapshots/20260421_202813_989_obstacle.jpg
2026-04-21 20:28:14.320,30.0,76.9,OBSTACLE,/home/ubuntu/software_ws/snapshots/20260421_202814_316_obstacle.jpg
2026-04-21 20:28:15.249,30.0,76.5,OBSTACLE,/home/ubuntu/software_ws/snapshots/20260421_202815_230_obstacle.jpg
2026-04-21 20:28:19.213,30.0,76.6,OBSTACLE,/home/ubuntu/software_ws/snapshots/20260421_202819_192_obstacle.jpg
2026-04-21 20:28:19.739,30.0,76.0,OBSTACLE,/home/ubuntu/software_ws/snapshots/20260421_202819_719_obstacle.jpg
2026-04-21 20:28:20.970,30.0,77.7,OBSTACLE,/home/ubuntu/software_ws/snapshots/20260421_202820_952_obstacle.jpg
2026-04-21 20:28:21.294,29.9,76.3,OBSTACLE,/home/ubuntu/software_ws/snapshots/20260421_202821_275_obstacle.jpg
2026-04-21 20:28:21.916,29.9,76.5,OBSTACLE,/home/ubuntu/software_ws/snapshots/20260421_202821_900_obstacle.jpg
2026-04-21 20:28:22.325,30.0,76.6,OBSTACLE,/home/ubuntu/software_ws/snapshots/20260421_202822_321_obstacle.jpg
2026-04-21 20:28:22.951,30.0,76.8,OBSTACLE,/home/ubuntu/software_ws/snapshots/20260421_202822_932_obstacle.jpg
2026-04-21 20:28:23.173,29.9,76.5,OBSTACLE,/home/ubuntu/software_ws/snapshots/20260421_202823_154_obstacle.jpg
2026-04-21 20:28:23.899,30.0,76.0,OBSTACLE,/home/ubuntu/software_ws/snapshots/20260421_202823_881_obstacle.jpg
2026-04-21 20:28:24.232,30.0,75.9,OBSTACLE,/home/ubuntu/software_ws/snapshots/20260421_202824_203_obstacle.jpg
2026-04-21 20:28:24.555,30.0,76.5,OBSTACLE,/home/ubuntu/software_ws/snapshots/20260421_202824_536_obstacle.jpg
2026-04-21 20:28:24.881,30.0,76.7,OBSTACLE,/home/ubuntu/software_ws/snapshots/20260421_202824_862_obstacle.jpg
2026-04-21 20:28:25.319,29.9,76.7,OBSTACLE,/home/ubuntu/software_ws/snapshots/20260421_202825_286_obstacle.jpg
2026-04-21 20:28:25.645,30.0,76.7,OBSTACLE,/home/ubuntu/software_ws/snapshots/20260421_202825_623_obstacle.jpg
2026-04-21 20:28:26.271,30.0,77.4,OBSTACLE,/home/ubuntu/software_ws/snapshots/20260421_202826_252_obstacle.jpg
2026-04-21 20:28:26.695,29.9,77.0,OBSTACLE,/home/ubuntu/software_ws/snapshots/20260421_202826_676_obstacle.jpg
2026-04-21 20:28:27.119,30.0,76.8,OBSTACLE,/home/ubuntu/software_ws/snapshots/20260421_202827_100_obstacle.jpg
2026-04-21 20:28:27.443,30.0,76.2,OBSTACLE,/home/ubuntu/software_ws/snapshots/20260421_202827_424_obstacle.jpg
2026-04-21 20:28:27.667,30.0,76.8,OBSTACLE,/home/ubuntu/software_ws/snapshots/20260421_202827_646_obstacle.jpg
2026-04-21 20:28:28.196,29.9,76.4,OBSTACLE,/home/ubuntu/software_ws/snapshots/20260421_202828_174_obstacle.jpg
2026-04-21 20:28:28.521,29.9,76.6,OBSTACLE,/home/ubuntu/software_ws/snapshots/20260421_202828_501_obstacle.jpg
2026-04-21 20:28:28.743,29.9,76.7,OBSTACLE,/home/ubuntu/software_ws/snapshots/20260421_202828_724_obstacle.jpg
2026-04-21 20:28:29.168,30.0,77.0,OBSTACLE,/home/ubuntu/software_ws/snapshots/20260421_202829_149_obstacle.jpg
2026-04-21 20:28:29.784,30.0,77.1,OBSTACLE,/home/ubuntu/software_ws/snapshots/20260421_202829_774_obstacle.jpg
2026-04-21 20:28:30.312,30.0,77.6,OBSTACLE,/home/ubuntu/software_ws/snapshots/20260421_202830_289_obstacle.jpg
2026-04-21 20:28:30.742,30.0,77.0,OBSTACLE,/home/ubuntu/software_ws/snapshots/20260421_202830_723_obstacle.jpg
2026-04-21 20:28:31.570,30.0,76.9,OBSTACLE,/home/ubuntu/software_ws/snapshots/20260421_202831_551_obstacle.jpg
2026-04-21 20:28:32.098,29.9,76.1,OBSTACLE,/home/ubuntu/software_ws/snapshots/20260421_202832_079_obstacle.jpg
2026-04-21 20:28:33.230,30.0,76.8,OBSTACLE,/home/ubuntu/software_ws/snapshots/20260421_202833_212_obstacle.jpg
2026-04-21 20:28:33.959,30.0,77.1,OBSTACLE,/home/ubuntu/software_ws/snapshots/20260421_202833_939_obstacle.jpg
2026-04-21 20:28:34.687,30.0,75.7,OBSTACLE,/home/ubuntu/software_ws/snapshots/20260421_202834_667_obstacle.jpg
2026-04-21 20:28:35.010,29.9,77.0,OBSTACLE,/home/ubuntu/software_ws/snapshots/20260421_202834_991_obstacle.jpg
2026-04-21 20:28:35.540,29.9,76.7,OBSTACLE,/home/ubuntu/software_ws/snapshots/20260421_202835_520_obstacle.jpg
2026-04-21 20:28:36.258,29.9,76.6,OBSTACLE,/home/ubuntu/software_ws/snapshots/20260421_202836_248_obstacle.jpg
2026-04-21 20:28:36.581,30.0,77.1,OBSTACLE,/home/ubuntu/software_ws/snapshots/20260421_202836_562_obstacle.jpg
2026-04-21 20:28:36.802,30.0,76.4,OBSTACLE,/home/ubuntu/software_ws/snapshots/20260421_202836_783_obstacle.jpg
2026-04-21 20:28:37.226,30.0,75.7,OBSTACLE,/home/ubuntu/software_ws/snapshots/20260421_202837_208_obstacle.jpg
2026-04-21 20:28:37.751,29.9,76.2,OBSTACLE,/home/ubuntu/software_ws/snapshots/20260421_202837_732_obstacle.jpg
2026-04-21 20:28:38.074,29.9,76.6,OBSTACLE,/home/ubuntu/software_ws/snapshots/20260421_202838_055_obstacle.jpg
2026-04-21 20:28:38.296,30.0,77.3,OBSTACLE,/home/ubuntu/software_ws/snapshots/20260421_202838_277_obstacle.jpg
2026-04-21 20:28:38.721,30.0,76.8,OBSTACLE,/home/ubuntu/software_ws/snapshots/20260421_202838_701_obstacle.jpg
2026-04-21 20:28:39.249,30.0,76.1,OBSTACLE,/home/ubuntu/software_ws/snapshots/20260421_202839_230_obstacle.jpg
2026-04-21 20:28:39.572,30.0,76.3,OBSTACLE,/home/ubuntu/software_ws/snapshots/20260421_202839_553_obstacle.jpg
2026-04-21 20:28:39.900,29.9,76.8,OBSTACLE,/home/ubuntu/software_ws/snapshots/20260421_202839_878_obstacle.jpg
2026-04-21 20:28:40.221,29.9,77.2,OBSTACLE,/home/ubuntu/software_ws/snapshots/20260421_202840_204_obstacle.jpg
2026-04-21 20:28:40.534,30.0,75.4,OBSTACLE,/home/ubuntu/software_ws/snapshots/20260421_202840_526_obstacle.jpg
2026-04-21 20:28:40.758,30.0,77.0,OBSTACLE,/home/ubuntu/software_ws/snapshots/20260421_202840_737_obstacle.jpg
2026-04-21 20:28:41.389,30.0,76.6,OBSTACLE,/home/ubuntu/software_ws/snapshots/20260421_202841_367_obstacle.jpg
2026-04-21 20:28:42.523,30.0,76.7,OBSTACLE,/home/ubuntu/software_ws/snapshots/20260421_202842_504_obstacle.jpg
2026-04-21 20:28:42.947,30.0,76.2,OBSTACLE,/home/ubuntu/software_ws/snapshots/20260421_202842_928_obstacle.jpg
2026-04-21 20:28:43.473,30.0,77.4,OBSTACLE,/home/ubuntu/software_ws/snapshots/20260421_202843_454_obstacle.jpg
2026-04-21 20:28:43.695,29.9,77.1,OBSTACLE,/home/ubuntu/software_ws/snapshots/20260421_202843_676_obstacle.jpg
2026-04-21 20:28:44.306,30.0,76.4,OBSTACLE,/home/ubuntu/software_ws/snapshots/20260421_202844_302_obstacle.jpg
2026-04-21 20:28:44.942,29.9,76.1,OBSTACLE,/home/ubuntu/software_ws/snapshots/20260421_202844_916_obstacle.jpg
2026-04-21 20:28:48.501,30.0,77.0,OBSTACLE,/home/ubuntu/software_ws/snapshots/20260421_202848_480_obstacle.jpg
2026-04-21 20:28:48.733,30.0,76.1,OBSTACLE,/home/ubuntu/software_ws/snapshots/20260421_202848_704_obstacle.jpg
2026-04-21 20:28:49.771,30.0,76.5,OBSTACLE,/home/ubuntu/software_ws/snapshots/20260421_202849_745_obstacle.jpg
2026-04-21 20:28:50.094,30.0,76.6,OBSTACLE,/home/ubuntu/software_ws/snapshots/20260421_202850_075_obstacle.jpg
2026-04-21 20:28:50.821,29.9,76.2,OBSTACLE,/home/ubuntu/software_ws/snapshots/20260421_202850_802_obstacle.jpg
2026-04-21 20:28:51.044,30.0,76.7,OBSTACLE,/home/ubuntu/software_ws/snapshots/20260421_202851_024_obstacle.jpg
2026-04-21 20:28:51.366,30.0,75.9,OBSTACLE,/home/ubuntu/software_ws/snapshots/20260421_202851_347_obstacle.jpg
2026-04-21 20:28:51.690,29.9,76.1,OBSTACLE,/home/ubuntu/software_ws/snapshots/20260421_202851_670_obstacle.jpg
2026-04-21 20:28:51.919,29.9,75.7,OBSTACLE,/home/ubuntu/software_ws/snapshots/20260421_202851_892_obstacle.jpg
2026-04-21 20:28:52.242,30.0,77.2,OBSTACLE,/home/ubuntu/software_ws/snapshots/20260421_202852_223_obstacle.jpg
2026-04-21 20:28:52.655,30.0,76.3,OBSTACLE,/home/ubuntu/software_ws/snapshots/20260421_202852_646_obstacle.jpg
2026-04-21 20:28:52.964,30.0,76.7,OBSTACLE,/home/ubuntu/software_ws/snapshots/20260421_202852_960_obstacle.jpg
2026-04-21 20:28:53.471,30.0,75.6,OBSTACLE,/home/ubuntu/software_ws/snapshots/20260421_202853_467_obstacle.jpg
2026-04-21 20:28:53.677,30.0,77.4,OBSTACLE,/home/ubuntu/software_ws/snapshots/20260421_202853_673_obstacle.jpg
2026-04-21 20:28:53.984,30.0,76.4,OBSTACLE,/home/ubuntu/software_ws/snapshots/20260421_202853_979_obstacle.jpg
2026-04-21 20:28:54.391,30.0,76.7,OBSTACLE,/home/ubuntu/software_ws/snapshots/20260421_202854_386_obstacle.jpg
2026-04-21 20:28:54.614,30.0,75.9,OBSTACLE,/home/ubuntu/software_ws/snapshots/20260421_202854_593_obstacle.jpg
2026-04-21 20:28:55.243,30.0,76.8,OBSTACLE,/home/ubuntu/software_ws/snapshots/20260421_202855_222_obstacle.jpg
2026-04-21 20:28:55.768,30.0,76.8,OBSTACLE,/home/ubuntu/software_ws/snapshots/20260421_202855_749_obstacle.jpg
2026-04-21 20:28:56.194,30.0,76.8,OBSTACLE,/home/ubuntu/software_ws/snapshots/20260421_202856_174_obstacle.jpg
2026-04-21 20:28:56.630,30.0,76.2,OBSTACLE,/home/ubuntu/software_ws/snapshots/20260421_202856_599_obstacle.jpg
2026-04-21 20:28:56.954,30.0,76.4,OBSTACLE,/home/ubuntu/software_ws/snapshots/20260421_202856_935_obstacle.jpg
2026-04-21 20:28:57.482,30.0,76.6,OBSTACLE,/home/ubuntu/software_ws/snapshots/20260421_202857_461_obstacle.jpg
2026-04-21 20:28:57.811,29.9,75.4,OBSTACLE,/home/ubuntu/software_ws/snapshots/20260421_202857_786_obstacle.jpg
2026-04-21 20:28:58.040,30.0,76.0,OBSTACLE,/home/ubuntu/software_ws/snapshots/20260421_202858_015_obstacle.jpg
2026-04-21 20:28:58.554,30.0,77.0,OBSTACLE,/home/ubuntu/software_ws/snapshots/20260421_202858_545_obstacle.jpg
2026-04-21 20:28:58.771,30.0,76.5,OBSTACLE,/home/ubuntu/software_ws/snapshots/20260421_202858_758_obstacle.jpg
2026-04-21 20:28:59.198,30.0,76.0,OBSTACLE,/home/ubuntu/software_ws/snapshots/20260421_202859_176_obstacle.jpg
2026-04-21 20:28:59.624,30.0,76.3,OBSTACLE,/home/ubuntu/software_ws/snapshots/20260421_202859_603_obstacle.jpg
2026-04-21 20:28:59.847,29.9,76.2,OBSTACLE,/home/ubuntu/software_ws/snapshots/20260421_202859_829_obstacle.jpg
2026-04-21 20:29:00.271,30.0,76.6,OBSTACLE,/home/ubuntu/software_ws/snapshots/20260421_202900_252_obstacle.jpg
2026-04-21 20:29:01.503,30.0,76.4,OBSTACLE,/home/ubuntu/software_ws/snapshots/20260421_202901_484_obstacle.jpg
2026-04-21 20:29:02.441,30.0,76.8,OBSTACLE,/home/ubuntu/software_ws/snapshots/20260421_202902_412_obstacle.jpg
2026-04-21 20:29:02.671,30.0,76.7,OBSTACLE,/home/ubuntu/software_ws/snapshots/20260421_202902_651_obstacle.jpg
2026-04-21 20:29:02.994,30.0,76.7,OBSTACLE,/home/ubuntu/software_ws/snapshots/20260421_202902_976_obstacle.jpg
2026-04-21 20:29:03.522,30.0,77.3,OBSTACLE,/home/ubuntu/software_ws/snapshots/20260421_202903_500_obstacle.jpg
2026-04-21 20:29:04.759,30.0,77.0,OBSTACLE,/home/ubuntu/software_ws/snapshots/20260421_202904_737_obstacle.jpg
2026-04-21 20:29:05.185,30.0,76.5,OBSTACLE,/home/ubuntu/software_ws/snapshots/20260421_202905_166_obstacle.jpg
2026-04-21 20:29:06.215,30.0,77.4,OBSTACLE,/home/ubuntu/software_ws/snapshots/20260421_202906_196_obstacle.jpg
2026-04-21 20:29:06.741,30.0,76.3,OBSTACLE,/home/ubuntu/software_ws/snapshots/20260421_202906_721_obstacle.jpg
2026-04-21 20:29:07.166,30.0,77.0,OBSTACLE,/home/ubuntu/software_ws/snapshots/20260421_202907_147_obstacle.jpg
2026-04-21 20:29:07.388,30.0,75.9,OBSTACLE,/home/ubuntu/software_ws/snapshots/20260421_202907_369_obstacle.jpg
2026-04-21 20:29:07.813,30.0,77.0,OBSTACLE,/home/ubuntu/software_ws/snapshots/20260421_202907_793_obstacle.jpg
2026-04-21 20:29:08.037,30.0,76.3,OBSTACLE,/home/ubuntu/software_ws/snapshots/20260421_202908_016_obstacle.jpg
2026-04-21 20:29:08.669,30.0,77.4,OBSTACLE,/home/ubuntu/software_ws/snapshots/20260421_202908_647_obstacle.jpg
2026-04-21 20:29:10.013,30.0,76.1,OBSTACLE,/home/ubuntu/software_ws/snapshots/20260421_202909_985_obstacle.jpg
2026-04-21 20:29:12.255,30.0,77.1,OBSTACLE,/home/ubuntu/software_ws/snapshots/20260421_202912_237_obstacle.jpg
2026-04-21 20:29:16.114,30.0,76.3,OBSTACLE,/home/ubuntu/software_ws/snapshots/20260421_202916_095_obstacle.jpg
2026-04-21 20:29:16.335,30.0,77.1,OBSTACLE,/home/ubuntu/software_ws/snapshots/20260421_202916_317_obstacle.jpg
2026-04-21 20:29:16.558,30.0,76.2,OBSTACLE,/home/ubuntu/software_ws/snapshots/20260421_202916_538_obstacle.jpg
2026-04-21 20:29:16.882,30.0,76.6,OBSTACLE,/home/ubuntu/software_ws/snapshots/20260421_202916_863_obstacle.jpg
2026-04-21 20:29:17.519,30.0,76.3,OBSTACLE,/home/ubuntu/software_ws/snapshots/20260421_202917_490_obstacle.jpg
2026-04-21 20:29:17.948,30.0,75.7,OBSTACLE,/home/ubuntu/software_ws/snapshots/20260421_202917_924_obstacle.jpg
2026-04-21 20:29:18.171,30.0,75.8,OBSTACLE,/home/ubuntu/software_ws/snapshots/20260421_202918_153_obstacle.jpg
2026-04-21 20:29:18.504,30.0,75.9,OBSTACLE,/home/ubuntu/software_ws/snapshots/20260421_202918_475_obstacle.jpg
2026-04-21 20:29:18.937,30.0,76.3,OBSTACLE,/home/ubuntu/software_ws/snapshots/20260421_202918_909_obstacle.jpg
2026-04-21 20:29:19.875,30.0,77.0,OBSTACLE,/home/ubuntu/software_ws/snapshots/20260421_202919_857_obstacle.jpg
2026-04-21 20:29:20.206,29.9,76.9,OBSTACLE,/home/ubuntu/software_ws/snapshots/20260421_202920_179_obstacle.jpg
2026-04-21 20:29:20.630,29.9,77.4,OBSTACLE,/home/ubuntu/software_ws/snapshots/20260421_202920_611_obstacle.jpg
2026-04-21 20:29:20.953,29.9,76.2,OBSTACLE,/home/ubuntu/software_ws/snapshots/20260421_202920_934_obstacle.jpg
2026-04-21 20:29:21.172,30.0,76.4,OBSTACLE,/home/ubuntu/software_ws/snapshots/20260421_202921_156_obstacle.jpg
2026-04-21 20:29:21.898,30.0,76.5,OBSTACLE,/home/ubuntu/software_ws/snapshots/20260421_202921_880_obstacle.jpg
2026-04-21 20:29:22.728,30.0,76.5,OBSTACLE,/home/ubuntu/software_ws/snapshots/20260421_202922_709_obstacle.jpg
2026-04-21 20:29:23.154,30.0,76.5,OBSTACLE,/home/ubuntu/software_ws/snapshots/20260421_202923_133_obstacle.jpg
2026-04-21 20:29:23.372,30.0,75.9,OBSTACLE,/home/ubuntu/software_ws/snapshots/20260421_202923_357_obstacle.jpg
2026-04-21 20:29:23.997,30.0,76.3,OBSTACLE,/home/ubuntu/software_ws/snapshots/20260421_202923_978_obstacle.jpg
2026-04-21 20:29:24.420,30.0,76.1,OBSTACLE,/home/ubuntu/software_ws/snapshots/20260421_202924_402_obstacle.jpg
2026-04-21 20:29:24.748,30.0,76.0,OBSTACLE,/home/ubuntu/software_ws/snapshots/20260421_202924_726_obstacle.jpg
2026-04-21 20:29:25.275,30.0,76.4,OBSTACLE,/home/ubuntu/software_ws/snapshots/20260421_202925_256_obstacle.jpg
2026-04-21 20:29:25.900,30.0,76.6,OBSTACLE,/home/ubuntu/software_ws/snapshots/20260421_202925_881_obstacle.jpg
2026-04-21 20:29:26.526,30.0,76.6,OBSTACLE,/home/ubuntu/software_ws/snapshots/20260421_202926_507_obstacle.jpg
2026-04-21 20:29:26.955,30.0,76.7,OBSTACLE,/home/ubuntu/software_ws/snapshots/20260421_202926_931_obstacle.jpg
2026-04-21 20:29:27.278,30.0,76.5,OBSTACLE,/home/ubuntu/software_ws/snapshots/20260421_202927_259_obstacle.jpg
2026-04-21 20:29:27.601,30.0,76.4,OBSTACLE,/home/ubuntu/software_ws/snapshots/20260421_202927_582_obstacle.jpg
2026-04-21 20:29:27.923,30.0,76.5,OBSTACLE,/home/ubuntu/software_ws/snapshots/20260421_202927_904_obstacle.jpg
2026-04-21 20:29:28.158,30.0,76.0,OBSTACLE,/home/ubuntu/software_ws/snapshots/20260421_202928_126_obstacle.jpg
2026-04-21 20:29:28.582,30.0,75.9,OBSTACLE,/home/ubuntu/software_ws/snapshots/20260421_202928_564_obstacle.jpg
2026-04-21 20:29:29.006,30.0,76.9,OBSTACLE,/home/ubuntu/software_ws/snapshots/20260421_202928_987_obstacle.jpg
2026-04-21 20:29:29.430,30.0,76.4,OBSTACLE,/home/ubuntu/software_ws/snapshots/20260421_202929_410_obstacle.jpg
2026-04-21 20:29:29.653,30.0,76.6,OBSTACLE,/home/ubuntu/software_ws/snapshots/20260421_202929_633_obstacle.jpg
2026-04-21 20:29:30.178,30.0,76.7,OBSTACLE,/home/ubuntu/software_ws/snapshots/20260421_202930_159_obstacle.jpg
2026-04-21 20:29:30.400,30.0,75.7,OBSTACLE,/home/ubuntu/software_ws/snapshots/20260421_202930_381_obstacle.jpg
2026-04-21 20:29:30.723,30.0,75.7,OBSTACLE,/home/ubuntu/software_ws/snapshots/20260421_202930_704_obstacle.jpg
2026-04-21 20:29:31.258,30.0,77.0,OBSTACLE,/home/ubuntu/software_ws/snapshots/20260421_202931_230_obstacle.jpg
2026-04-21 20:29:31.480,30.0,76.6,OBSTACLE,/home/ubuntu/software_ws/snapshots/20260421_202931_461_obstacle.jpg
2026-04-21 20:29:31.702,30.0,76.1,OBSTACLE,/home/ubuntu/software_ws/snapshots/20260421_202931_683_obstacle.jpg
2026-04-21 20:29:32.531,30.0,75.9,OBSTACLE,/home/ubuntu/software_ws/snapshots/20260421_202932_511_obstacle.jpg
2026-04-21 20:29:33.157,30.0,75.5,OBSTACLE,/home/ubuntu/software_ws/snapshots/20260421_202933_138_obstacle.jpg
2026-04-21 20:29:33.683,30.0,76.4,OBSTACLE,/home/ubuntu/software_ws/snapshots/20260421_202933_663_obstacle.jpg
2026-04-21 20:29:34.006,30.0,75.9,OBSTACLE,/home/ubuntu/software_ws/snapshots/20260421_202933_987_obstacle.jpg
2026-04-21 20:29:34.833,30.0,76.2,OBSTACLE,/home/ubuntu/software_ws/snapshots/20260421_202934_815_obstacle.jpg
2026-04-21 20:29:35.344,29.9,76.4,OBSTACLE,/home/ubuntu/software_ws/snapshots/20260421_202935_339_obstacle.jpg
2026-04-21 20:29:35.681,30.0,76.2,OBSTACLE,/home/ubuntu/software_ws/snapshots/20260421_202935_654_obstacle.jpg
2026-04-21 20:29:36.209,30.0,76.4,OBSTACLE,/home/ubuntu/software_ws/snapshots/20260421_202936_188_obstacle.jpg
2026-04-21 20:29:36.537,30.0,76.6,OBSTACLE,/home/ubuntu/software_ws/snapshots/20260421_202936_514_obstacle.jpg
2026-04-21 20:29:36.761,30.0,76.0,OBSTACLE,/home/ubuntu/software_ws/snapshots/20260421_202936_740_obstacle.jpg
2026-04-21 20:29:37.086,29.9,76.2,OBSTACLE,/home/ubuntu/software_ws/snapshots/20260421_202937_066_obstacle.jpg
2026-04-21 20:29:37.312,30.0,76.1,OBSTACLE,/home/ubuntu/software_ws/snapshots/20260421_202937_289_obstacle.jpg
2026-04-21 20:29:37.637,29.9,75.6,OBSTACLE,/home/ubuntu/software_ws/snapshots/20260421_202937_616_obstacle.jpg
2026-04-21 20:29:38.068,30.0,76.8,OBSTACLE,/home/ubuntu/software_ws/snapshots/20260421_202938_046_obstacle.jpg
2026-04-21 20:29:38.292,29.9,75.7,OBSTACLE,/home/ubuntu/software_ws/snapshots/20260421_202938_271_obstacle.jpg
2026-04-21 20:29:39.022,30.0,75.9,OBSTACLE,/home/ubuntu/software_ws/snapshots/20260421_202939_002_obstacle.jpg
2026-04-21 20:29:40.062,30.0,76.0,OBSTACLE,/home/ubuntu/software_ws/snapshots/20260421_202940_033_obstacle.jpg
2026-04-21 20:29:40.489,30.0,76.9,OBSTACLE,/home/ubuntu/software_ws/snapshots/20260421_202940_468_obstacle.jpg
2026-04-21 20:29:40.811,30.0,77.3,OBSTACLE,/home/ubuntu/software_ws/snapshots/20260421_202940_793_obstacle.jpg
2026-04-21 20:29:41.034,30.0,78.0,OBSTACLE,/home/ubuntu/software_ws/snapshots/20260421_202941_015_obstacle.jpg
2026-04-21 20:29:41.258,29.9,77.8,OBSTACLE,/home/ubuntu/software_ws/snapshots/20260421_202941_237_obstacle.jpg
2026-04-21 20:29:42.190,30.0,78.0,OBSTACLE,/home/ubuntu/software_ws/snapshots/20260421_202942_170_obstacle.jpg
2026-04-21 20:29:42.612,30.0,77.5,OBSTACLE,/home/ubuntu/software_ws/snapshots/20260421_202942_595_obstacle.jpg
2026-04-21 20:29:43.642,30.0,76.8,OBSTACLE,/home/ubuntu/software_ws/snapshots/20260421_202943_623_obstacle.jpg
2026-04-21 20:29:43.965,30.0,75.9,OBSTACLE,/home/ubuntu/software_ws/snapshots/20260421_202943_946_obstacle.jpg
2026-04-21 20:29:44.391,30.0,76.3,OBSTACLE,/home/ubuntu/software_ws/snapshots/20260421_202944_372_obstacle.jpg
2026-04-21 20:29:45.526,30.0,77.5,OBSTACLE,/home/ubuntu/software_ws/snapshots/20260421_202945_504_obstacle.jpg
2026-04-21 20:29:45.762,30.0,76.5,OBSTACLE,/home/ubuntu/software_ws/snapshots/20260421_202945_730_obstacle.jpg
2026-04-21 20:29:45.983,30.0,75.9,OBSTACLE,/home/ubuntu/software_ws/snapshots/20260421_202945_965_obstacle.jpg
2026-04-21 20:29:46.205,30.0,76.3,OBSTACLE,/home/ubuntu/software_ws/snapshots/20260421_202946_187_obstacle.jpg
2026-04-21 20:29:47.134,30.0,76.3,OBSTACLE,/home/ubuntu/software_ws/snapshots/20260421_202947_115_obstacle.jpg
2026-04-21 20:29:47.669,29.9,76.6,OBSTACLE,/home/ubuntu/software_ws/snapshots/20260421_202947_640_obstacle.jpg
2026-04-21 20:29:47.991,30.0,76.6,OBSTACLE,/home/ubuntu/software_ws/snapshots/20260421_202947_973_obstacle.jpg
2026-04-21 20:29:48.626,30.0,77.0,OBSTACLE,/home/ubuntu/software_ws/snapshots/20260421_202948_599_obstacle.jpg
2026-04-21 20:29:48.852,30.0,77.1,OBSTACLE,/home/ubuntu/software_ws/snapshots/20260421_202948_830_obstacle.jpg
2026-04-21 20:29:49.382,30.0,76.7,OBSTACLE,/home/ubuntu/software_ws/snapshots/20260421_202949_361_obstacle.jpg
2026-04-21 20:29:49.607,29.9,76.6,OBSTACLE,/home/ubuntu/software_ws/snapshots/20260421_202949_585_obstacle.jpg
2026-04-21 20:29:50.234,30.0,76.2,OBSTACLE,/home/ubuntu/software_ws/snapshots/20260421_202950_215_obstacle.jpg
2026-04-21 20:29:50.457,29.9,76.4,OBSTACLE,/home/ubuntu/software_ws/snapshots/20260421_202950_437_obstacle.jpg
2026-04-21 20:29:50.883,30.0,75.8,OBSTACLE,/home/ubuntu/software_ws/snapshots/20260421_202950_864_obstacle.jpg
2026-04-21 20:29:51.302,30.0,77.8,OBSTACLE,/home/ubuntu/software_ws/snapshots/20260421_202951_287_obstacle.jpg
2026-04-21 20:29:51.525,30.0,77.3,OBSTACLE,/home/ubuntu/software_ws/snapshots/20260421_202951_506_obstacle.jpg
2026-04-21 20:29:51.746,29.9,76.6,OBSTACLE,/home/ubuntu/software_ws/snapshots/20260421_202951_728_obstacle.jpg
2026-04-21 20:29:52.578,30.0,75.8,OBSTACLE,/home/ubuntu/software_ws/snapshots/20260421_202952_559_obstacle.jpg
2026-04-21 20:29:52.901,29.9,76.6,OBSTACLE,/home/ubuntu/software_ws/snapshots/20260421_202952_882_obstacle.jpg
2026-04-21 20:29:53.840,30.0,76.5,OBSTACLE,/home/ubuntu/software_ws/snapshots/20260421_202953_812_obstacle.jpg
2026-04-21 20:29:54.167,30.0,76.3,OBSTACLE,/home/ubuntu/software_ws/snapshots/20260421_202954_144_obstacle.jpg
2026-04-21 20:29:54.999,30.0,76.7,OBSTACLE,/home/ubuntu/software_ws/snapshots/20260421_202954_978_obstacle.jpg
2026-04-21 20:29:55.326,30.0,76.6,OBSTACLE,/home/ubuntu/software_ws/snapshots/20260421_202955_304_obstacle.jpg
2026-04-21 20:29:55.753,29.9,76.8,OBSTACLE,/home/ubuntu/software_ws/snapshots/20260421_202955_731_obstacle.jpg
2026-04-21 20:29:56.492,30.0,76.6,OBSTACLE,/home/ubuntu/software_ws/snapshots/20260421_202956_466_obstacle.jpg
2026-04-21 20:29:57.016,29.9,76.1,OBSTACLE,/home/ubuntu/software_ws/snapshots/20260421_202956_998_obstacle.jpg
2026-04-21 20:29:57.433,30.0,76.7,OBSTACLE,/home/ubuntu/software_ws/snapshots/20260421_202957_421_obstacle.jpg
2026-04-21 20:29:58.681,30.0,76.7,OBSTACLE,/home/ubuntu/software_ws/snapshots/20260421_202958_647_obstacle.jpg
2026-04-21 20:29:59.814,30.0,76.5,OBSTACLE,/home/ubuntu/software_ws/snapshots/20260421_202959_794_obstacle.jpg
2026-04-21 20:30:01.055,30.0,76.0,OBSTACLE,/home/ubuntu/software_ws/snapshots/20260421_203001_028_obstacle.jpg
2026-04-21 20:30:01.783,30.0,76.3,OBSTACLE,/home/ubuntu/software_ws/snapshots/20260421_203001_768_obstacle.jpg
2026-04-21 20:30:02.005,30.0,76.5,OBSTACLE,/home/ubuntu/software_ws/snapshots/20260421_203001_986_obstacle.jpg
2026-04-21 20:30:02.435,30.0,76.4,OBSTACLE,/home/ubuntu/software_ws/snapshots/20260421_203002_411_obstacle.jpg
2026-04-21 20:30:02.974,30.0,76.1,OBSTACLE,/home/ubuntu/software_ws/snapshots/20260421_203002_941_obstacle.jpg
2026-04-21 20:30:03.704,30.0,76.9,OBSTACLE,/home/ubuntu/software_ws/snapshots/20260421_203003_682_obstacle.jpg
2026-04-21 20:30:04.329,30.0,77.4,OBSTACLE,/home/ubuntu/software_ws/snapshots/20260421_203004_311_obstacle.jpg
2026-04-21 20:30:04.653,29.9,76.4,OBSTACLE,/home/ubuntu/software_ws/snapshots/20260421_203004_633_obstacle.jpg
2026-04-21 20:30:06.604,30.0,76.2,OBSTACLE,/home/ubuntu/software_ws/snapshots/20260421_203006_583_obstacle.jpg
2026-04-21 20:30:09.164,30.0,76.1,OBSTACLE,/home/ubuntu/software_ws/snapshots/20260421_203009_137_obstacle.jpg
2026-04-21 20:30:10.503,30.0,77.3,OBSTACLE,/home/ubuntu/software_ws/snapshots/20260421_203010_485_obstacle.jpg
2026-04-21 20:30:10.927,30.0,77.3,OBSTACLE,/home/ubuntu/software_ws/snapshots/20260421_203010_908_obstacle.jpg
2026-04-21 20:30:11.554,30.0,76.8,OBSTACLE,/home/ubuntu/software_ws/snapshots/20260421_203011_536_obstacle.jpg
2026-04-21 20:30:12.382,30.0,78.0,OBSTACLE,/home/ubuntu/software_ws/snapshots/20260421_203012_363_obstacle.jpg
2026-04-21 20:30:13.013,30.0,77.0,OBSTACLE,/home/ubuntu/software_ws/snapshots/20260421_203012_989_obstacle.jpg
2026-04-21 20:30:13.338,30.0,77.3,OBSTACLE,/home/ubuntu/software_ws/snapshots/20260421_203013_318_obstacle.jpg
2026-04-21 20:30:14.475,30.0,77.4,OBSTACLE,/home/ubuntu/software_ws/snapshots/20260421_203014_449_obstacle.jpg
2026-04-21 20:30:16.621,30.0,76.1,OBSTACLE,/home/ubuntu/software_ws/snapshots/20260421_203016_601_obstacle.jpg
2026-04-21 20:30:16.944,30.0,76.3,OBSTACLE,/home/ubuntu/software_ws/snapshots/20260421_203016_925_obstacle.jpg
2026-04-21 20:30:17.263,30.0,76.7,OBSTACLE,/home/ubuntu/software_ws/snapshots/20260421_203017_248_obstacle.jpg
2026-04-21 20:30:20.216,30.0,77.2,OBSTACLE,/home/ubuntu/software_ws/snapshots/20260421_203020_197_obstacle.jpg
2026-04-21 20:30:36.426,30.0,76.5,OBSTACLE,/home/ubuntu/software_ws/snapshots/20260421_203036_406_obstacle.jpg
2026-04-21 20:30:49.493,30.0,77.0,OBSTACLE,/home/ubuntu/software_ws/snapshots/20260421_203049_474_obstacle.jpg
2026-04-21 20:30:49.818,29.9,77.6,OBSTACLE,/home/ubuntu/software_ws/snapshots/20260421_203049_799_obstacle.jpg
2026-04-21 20:30:50.343,30.0,76.6,OBSTACLE,/home/ubuntu/software_ws/snapshots/20260421_203050_324_obstacle.jpg
2026-04-21 20:30:50.566,30.0,76.6,OBSTACLE,/home/ubuntu/software_ws/snapshots/20260421_203050_547_obstacle.jpg
2026-04-21 20:30:51.096,30.0,77.0,OBSTACLE,/home/ubuntu/software_ws/snapshots/20260421_203051_072_obstacle.jpg
2026-04-21 20:30:51.924,30.0,76.1,OBSTACLE,/home/ubuntu/software_ws/snapshots/20260421_203051_906_obstacle.jpg
2026-04-21 20:30:52.862,30.0,76.1,OBSTACLE,/home/ubuntu/software_ws/snapshots/20260421_203052_835_obstacle.jpg
2026-04-21 20:30:53.500,30.0,77.1,OBSTACLE,/home/ubuntu/software_ws/snapshots/20260421_203053_468_obstacle.jpg
2026-04-21 20:30:54.230,30.0,76.4,OBSTACLE,/home/ubuntu/software_ws/snapshots/20260421_203054_210_obstacle.jpg
2026-04-21 20:30:54.455,30.0,76.4,OBSTACLE,/home/ubuntu/software_ws/snapshots/20260421_203054_433_obstacle.jpg
2026-04-21 20:30:54.778,29.9,77.7,OBSTACLE,/home/ubuntu/software_ws/snapshots/20260421_203054_759_obstacle.jpg
2026-04-21 20:30:55.310,30.0,77.0,OBSTACLE,/home/ubuntu/software_ws/snapshots/20260421_203055_290_obstacle.jpg
2026-04-21 20:30:55.935,30.0,76.1,OBSTACLE,/home/ubuntu/software_ws/snapshots/20260421_203055_917_obstacle.jpg
2026-04-21 20:30:57.066,30.0,76.8,OBSTACLE,/home/ubuntu/software_ws/snapshots/20260421_203057_047_obstacle.jpg
2026-04-21 20:30:57.295,30.0,76.4,OBSTACLE,/home/ubuntu/software_ws/snapshots/20260421_203057_269_obstacle.jpg
2026-04-21 20:30:57.728,30.0,77.1,OBSTACLE,/home/ubuntu/software_ws/snapshots/20260421_203057_707_obstacle.jpg
2026-04-21 20:30:58.254,30.0,76.9,OBSTACLE,/home/ubuntu/software_ws/snapshots/20260421_203058_234_obstacle.jpg
2026-04-21 20:30:58.481,29.9,76.5,OBSTACLE,/home/ubuntu/software_ws/snapshots/20260421_203058_458_obstacle.jpg
2026-04-21 20:31:00.021,30.0,76.0,OBSTACLE,/home/ubuntu/software_ws/snapshots/20260421_203100_002_obstacle.jpg
2026-04-21 20:31:00.243,30.0,77.0,OBSTACLE,/home/ubuntu/software_ws/snapshots/20260421_203100_224_obstacle.jpg
2026-04-21 20:31:01.176,30.0,77.0,OBSTACLE,/home/ubuntu/software_ws/snapshots/20260421_203101_154_obstacle.jpg
2026-04-21 20:31:02.212,29.9,76.8,OBSTACLE,/home/ubuntu/software_ws/snapshots/20260421_203102_188_obstacle.jpg
2026-04-21 20:31:02.537,30.0,77.0,OBSTACLE,/home/ubuntu/software_ws/snapshots/20260421_203102_516_obstacle.jpg
2026-04-21 20:31:03.576,30.0,77.8,OBSTACLE,/home/ubuntu/software_ws/snapshots/20260421_203103_548_obstacle.jpg
2026-04-21 20:31:04.407,30.0,76.4,OBSTACLE,/home/ubuntu/software_ws/snapshots/20260421_203104_386_obstacle.jpg
2026-04-21 20:31:04.630,29.9,77.2,OBSTACLE,/home/ubuntu/software_ws/snapshots/20260421_203104_609_obstacle.jpg
2026-04-21 20:31:05.865,29.9,76.7,OBSTACLE,/home/ubuntu/software_ws/snapshots/20260421_203105_846_obstacle.jpg
2026-04-21 20:31:06.188,30.0,76.9,OBSTACLE,/home/ubuntu/software_ws/snapshots/20260421_203106_169_obstacle.jpg
2026-04-21 20:31:06.413,30.0,76.4,OBSTACLE,/home/ubuntu/software_ws/snapshots/20260421_203106_391_obstacle.jpg
2026-04-21 20:31:06.736,30.0,76.8,OBSTACLE,/home/ubuntu/software_ws/snapshots/20260421_203106_717_obstacle.jpg
2026-04-21 20:31:06.960,30.0,77.4,OBSTACLE,/home/ubuntu/software_ws/snapshots/20260421_203106_939_obstacle.jpg
2026-04-21 20:31:07.485,30.0,77.8,OBSTACLE,/home/ubuntu/software_ws/snapshots/20260421_203107_466_obstacle.jpg
2026-04-21 20:31:07.713,30.0,77.3,OBSTACLE,/home/ubuntu/software_ws/snapshots/20260421_203107_688_obstacle.jpg
2026-04-21 20:31:08.037,30.0,76.8,OBSTACLE,/home/ubuntu/software_ws/snapshots/20260421_203108_018_obstacle.jpg
2026-04-21 20:31:08.667,29.9,76.2,OBSTACLE,/home/ubuntu/software_ws/snapshots/20260421_203108_646_obstacle.jpg
2026-04-21 20:31:08.990,29.9,76.5,OBSTACLE,/home/ubuntu/software_ws/snapshots/20260421_203108_971_obstacle.jpg
2026-04-21 20:31:09.218,30.0,76.2,OBSTACLE,/home/ubuntu/software_ws/snapshots/20260421_203109_194_obstacle.jpg
2026-04-21 20:31:09.440,30.0,77.4,OBSTACLE,/home/ubuntu/software_ws/snapshots/20260421_203109_421_obstacle.jpg
2026-04-21 20:31:09.653,29.9,77.5,OBSTACLE,/home/ubuntu/software_ws/snapshots/20260421_203109_643_obstacle.jpg
2026-04-21 20:31:10.582,29.9,77.1,OBSTACLE,/home/ubuntu/software_ws/snapshots/20260421_203110_563_obstacle.jpg
2026-04-21 20:31:10.917,30.0,77.4,OBSTACLE,/home/ubuntu/software_ws/snapshots/20260421_203110_886_obstacle.jpg
2026-04-21 20:31:11.139,30.0,77.4,OBSTACLE,/home/ubuntu/software_ws/snapshots/20260421_203111_120_obstacle.jpg
2026-04-21 20:31:11.867,29.9,76.8,OBSTACLE,/home/ubuntu/software_ws/snapshots/20260421_203111_849_obstacle.jpg
2026-04-21 20:31:12.089,30.0,76.9,OBSTACLE,/home/ubuntu/software_ws/snapshots/20260421_203112_070_obstacle.jpg
2026-04-21 20:31:12.313,30.0,76.8,OBSTACLE,/home/ubuntu/software_ws/snapshots/20260421_203112_293_obstacle.jpg
2026-04-21 20:31:12.838,30.0,77.3,OBSTACLE,/home/ubuntu/software_ws/snapshots/20260421_203112_818_obstacle.jpg
2026-04-21 20:31:13.464,30.0,77.3,OBSTACLE,/home/ubuntu/software_ws/snapshots/20260421_203113_446_obstacle.jpg
2026-04-21 20:31:13.686,30.0,76.6,OBSTACLE,/home/ubuntu/software_ws/snapshots/20260421_203113_667_obstacle.jpg
2026-04-21 20:31:14.016,30.0,77.2,OBSTACLE,/home/ubuntu/software_ws/snapshots/20260421_203113_991_obstacle.jpg
2026-04-21 20:31:15.147,30.0,77.3,OBSTACLE,/home/ubuntu/software_ws/snapshots/20260421_203115_128_obstacle.jpg
2026-04-21 20:31:15.874,30.0,76.9,OBSTACLE,/home/ubuntu/software_ws/snapshots/20260421_203115_855_obstacle.jpg
2026-04-21 20:31:16.201,30.0,77.2,OBSTACLE,/home/ubuntu/software_ws/snapshots/20260421_203116_179_obstacle.jpg
2026-04-21 20:31:16.528,29.9,77.2,OBSTACLE,/home/ubuntu/software_ws/snapshots/20260421_203116_509_obstacle.jpg
2026-04-21 20:31:16.741,30.0,76.7,OBSTACLE,/home/ubuntu/software_ws/snapshots/20260421_203116_731_obstacle.jpg
2026-04-21 20:31:17.368,29.9,76.5,OBSTACLE,/home/ubuntu/software_ws/snapshots/20260421_203117_349_obstacle.jpg
2026-04-21 20:31:17.903,29.9,76.5,OBSTACLE,/home/ubuntu/software_ws/snapshots/20260421_203117_874_obstacle.jpg
2026-04-21 20:31:18.834,29.9,77.6,OBSTACLE,/home/ubuntu/software_ws/snapshots/20260421_203118_815_obstacle.jpg
2026-04-21 20:31:19.361,30.0,76.4,OBSTACLE,/home/ubuntu/software_ws/snapshots/20260421_203119_340_obstacle.jpg
2026-04-21 20:31:19.684,30.0,77.1,OBSTACLE,/home/ubuntu/software_ws/snapshots/20260421_203119_665_obstacle.jpg
2026-04-21 20:31:20.010,30.0,76.8,OBSTACLE,/home/ubuntu/software_ws/snapshots/20260421_203119_988_obstacle.jpg
2026-04-21 20:31:20.334,30.0,76.8,OBSTACLE,/home/ubuntu/software_ws/snapshots/20260421_203120_316_obstacle.jpg
2026-04-21 20:31:20.952,30.0,77.0,OBSTACLE,/home/ubuntu/software_ws/snapshots/20260421_203120_940_obstacle.jpg
2026-04-21 20:31:21.373,30.0,77.4,OBSTACLE,/home/ubuntu/software_ws/snapshots/20260421_203121_357_obstacle.jpg
2026-04-21 20:31:21.798,30.0,76.8,OBSTACLE,/home/ubuntu/software_ws/snapshots/20260421_203121_777_obstacle.jpg
2026-04-21 20:31:22.032,29.9,76.8,OBSTACLE,/home/ubuntu/software_ws/snapshots/20260421_203122_006_obstacle.jpg
2026-04-21 20:31:22.753,30.0,76.1,OBSTACLE,/home/ubuntu/software_ws/snapshots/20260421_203122_743_obstacle.jpg
2026-04-21 20:31:22.970,30.0,76.9,OBSTACLE,/home/ubuntu/software_ws/snapshots/20260421_203122_955_obstacle.jpg
2026-04-21 20:31:23.287,30.0,76.7,OBSTACLE,/home/ubuntu/software_ws/snapshots/20260421_203123_274_obstacle.jpg
2026-04-21 20:31:23.812,30.0,76.7,OBSTACLE,/home/ubuntu/software_ws/snapshots/20260421_203123_793_obstacle.jpg
2026-04-21 20:31:24.439,30.0,76.6,OBSTACLE,/home/ubuntu/software_ws/snapshots/20260421_203124_420_obstacle.jpg
2026-04-21 20:31:24.661,29.9,77.4,OBSTACLE,/home/ubuntu/software_ws/snapshots/20260421_203124_642_obstacle.jpg
2026-04-21 20:31:24.984,30.0,77.0,OBSTACLE,/home/ubuntu/software_ws/snapshots/20260421_203124_965_obstacle.jpg
2026-04-21 20:31:25.407,30.0,77.5,OBSTACLE,/home/ubuntu/software_ws/snapshots/20260421_203125_389_obstacle.jpg
2026-04-21 20:31:26.327,29.9,76.3,OBSTACLE,/home/ubuntu/software_ws/snapshots/20260421_203126_318_obstacle.jpg
2026-04-21 20:31:26.841,30.0,77.9,OBSTACLE,/home/ubuntu/software_ws/snapshots/20260421_203126_831_obstacle.jpg
2026-04-21 20:31:27.063,30.0,77.0,OBSTACLE,/home/ubuntu/software_ws/snapshots/20260421_203127_043_obstacle.jpg
2026-04-21 20:31:27.376,30.0,77.1,OBSTACLE,/home/ubuntu/software_ws/snapshots/20260421_203127_367_obstacle.jpg
2026-04-21 20:31:27.909,30.0,77.1,OBSTACLE,/home/ubuntu/software_ws/snapshots/20260421_203127_881_obstacle.jpg
2026-04-21 20:31:28.542,29.9,76.9,OBSTACLE,/home/ubuntu/software_ws/snapshots/20260421_203128_518_obstacle.jpg
2026-04-21 20:31:28.852,29.9,77.3,OBSTACLE,/home/ubuntu/software_ws/snapshots/20260421_203128_846_obstacle.jpg
2026-04-21 20:31:29.259,30.0,76.9,OBSTACLE,/home/ubuntu/software_ws/snapshots/20260421_203129_254_obstacle.jpg
2026-04-21 20:31:29.674,30.0,77.0,OBSTACLE,/home/ubuntu/software_ws/snapshots/20260421_203129_663_obstacle.jpg
2026-04-21 20:31:29.997,30.0,76.2,OBSTACLE,/home/ubuntu/software_ws/snapshots/20260421_203129_977_obstacle.jpg
2026-04-21 20:31:30.626,29.9,76.7,OBSTACLE,/home/ubuntu/software_ws/snapshots/20260421_203130_604_obstacle.jpg
2026-04-21 20:31:31.040,30.0,77.0,OBSTACLE,/home/ubuntu/software_ws/snapshots/20260421_203131_030_obstacle.jpg
2026-04-21 20:31:31.257,29.9,76.3,OBSTACLE,/home/ubuntu/software_ws/snapshots/20260421_203131_243_obstacle.jpg
2026-04-21 20:31:31.682,29.9,76.8,OBSTACLE,/home/ubuntu/software_ws/snapshots/20260421_203131_662_obstacle.jpg
2026-04-21 20:31:32.365,29.9,76.4,OBSTACLE,/home/ubuntu/software_ws/snapshots/20260421_203132_290_obstacle.jpg
2026-04-21 20:31:32.885,30.0,76.9,OBSTACLE,/home/ubuntu/software_ws/snapshots/20260421_203132_869_obstacle.jpg
2026-04-21 20:31:33.213,30.0,77.1,OBSTACLE,/home/ubuntu/software_ws/snapshots/20260421_203133_189_obstacle.jpg
2026-04-21 20:31:33.520,30.0,77.3,OBSTACLE,/home/ubuntu/software_ws/snapshots/20260421_203133_515_obstacle.jpg
2026-04-21 20:31:33.940,30.0,75.8,OBSTACLE,/home/ubuntu/software_ws/snapshots/20260421_203133_923_obstacle.jpg
2026-04-21 20:31:34.366,30.0,76.2,OBSTACLE,/home/ubuntu/software_ws/snapshots/20260421_203134_344_obstacle.jpg
2026-04-21 20:31:34.590,30.0,76.9,OBSTACLE,/home/ubuntu/software_ws/snapshots/20260421_203134_568_obstacle.jpg
2026-04-21 20:31:35.514,30.0,78.1,OBSTACLE,/home/ubuntu/software_ws/snapshots/20260421_203135_498_obstacle.jpg
2026-04-21 20:31:36.040,30.0,76.9,OBSTACLE,/home/ubuntu/software_ws/snapshots/20260421_203136_020_obstacle.jpg
2026-04-21 20:31:36.366,30.0,76.8,OBSTACLE,/home/ubuntu/software_ws/snapshots/20260421_203136_345_obstacle.jpg
2026-04-21 20:31:36.788,30.0,76.1,OBSTACLE,/home/ubuntu/software_ws/snapshots/20260421_203136_771_obstacle.jpg
2026-04-21 20:31:37.314,30.0,76.6,OBSTACLE,/home/ubuntu/software_ws/snapshots/20260421_203137_293_obstacle.jpg
2026-04-21 20:31:37.741,29.9,77.1,OBSTACLE,/home/ubuntu/software_ws/snapshots/20260421_203137_722_obstacle.jpg
2026-04-21 20:31:37.963,29.9,76.6,OBSTACLE,/home/ubuntu/software_ws/snapshots/20260421_203137_944_obstacle.jpg
2026-04-21 20:31:38.793,30.0,76.3,OBSTACLE,/home/ubuntu/software_ws/snapshots/20260421_203138_773_obstacle.jpg
2026-04-21 20:31:39.017,29.9,77.0,OBSTACLE,/home/ubuntu/software_ws/snapshots/20260421_203138_996_obstacle.jpg
2026-04-21 20:31:39.224,30.0,77.3,OBSTACLE,/home/ubuntu/software_ws/snapshots/20260421_203139_219_obstacle.jpg
2026-04-21 20:31:39.430,30.0,76.4,OBSTACLE,/home/ubuntu/software_ws/snapshots/20260421_203139_426_obstacle.jpg
2026-04-21 20:31:39.637,30.0,77.1,OBSTACLE,/home/ubuntu/software_ws/snapshots/20260421_203139_631_obstacle.jpg
2026-04-21 20:31:39.862,30.0,76.7,OBSTACLE,/home/ubuntu/software_ws/snapshots/20260421_203139_839_obstacle.jpg
2026-04-21 20:31:40.087,30.0,77.3,OBSTACLE,/home/ubuntu/software_ws/snapshots/20260421_203140_065_obstacle.jpg
2026-04-21 20:31:40.417,30.0,76.5,OBSTACLE,/home/ubuntu/software_ws/snapshots/20260421_203140_392_obstacle.jpg
2026-04-21 20:31:40.742,30.0,77.5,OBSTACLE,/home/ubuntu/software_ws/snapshots/20260421_203140_723_obstacle.jpg
2026-04-21 20:31:41.172,29.9,77.5,OBSTACLE,/home/ubuntu/software_ws/snapshots/20260421_203141_147_obstacle.jpg
2026-04-21 20:31:41.380,30.0,76.8,OBSTACLE,/home/ubuntu/software_ws/snapshots/20260421_203141_375_obstacle.jpg
2026-04-21 20:31:41.692,29.9,77.3,OBSTACLE,/home/ubuntu/software_ws/snapshots/20260421_203141_682_obstacle.jpg
2026-04-21 20:31:42.225,30.0,76.6,OBSTACLE,/home/ubuntu/software_ws/snapshots/20260421_203142_198_obstacle.jpg
2026-04-21 20:31:42.437,30.0,77.2,OBSTACLE,/home/ubuntu/software_ws/snapshots/20260421_203142_428_obstacle.jpg
2026-04-21 20:31:43.069,29.9,76.0,OBSTACLE,/home/ubuntu/software_ws/snapshots/20260421_203143_043_obstacle.jpg
2026-04-21 20:31:43.380,29.9,77.7,OBSTACLE,/home/ubuntu/software_ws/snapshots/20260421_203143_373_obstacle.jpg
2026-04-21 20:31:43.705,30.0,77.8,OBSTACLE,/home/ubuntu/software_ws/snapshots/20260421_203143_683_obstacle.jpg
2026-04-21 20:31:43.927,29.9,77.1,OBSTACLE,/home/ubuntu/software_ws/snapshots/20260421_203143_908_obstacle.jpg
2026-04-21 20:31:44.147,29.9,76.5,OBSTACLE,/home/ubuntu/software_ws/snapshots/20260421_203144_130_obstacle.jpg
2026-04-21 20:31:44.367,30.0,76.5,OBSTACLE,/home/ubuntu/software_ws/snapshots/20260421_203144_351_obstacle.jpg
2026-04-21 20:31:44.894,30.0,75.5,OBSTACLE,/home/ubuntu/software_ws/snapshots/20260421_203144_873_obstacle.jpg
2026-04-21 20:31:45.123,30.0,76.4,OBSTACLE,/home/ubuntu/software_ws/snapshots/20260421_203145_098_obstacle.jpg
2026-04-21 20:31:45.348,30.0,77.2,OBSTACLE,/home/ubuntu/software_ws/snapshots/20260421_203145_327_obstacle.jpg
2026-04-21 20:31:45.572,30.0,76.9,OBSTACLE,/home/ubuntu/software_ws/snapshots/20260421_203145_551_obstacle.jpg
2026-04-21 20:31:46.006,30.0,77.2,OBSTACLE,/home/ubuntu/software_ws/snapshots/20260421_203145_978_obstacle.jpg
2026-04-21 20:31:46.538,30.0,76.3,OBSTACLE,/home/ubuntu/software_ws/snapshots/20260421_203146_515_obstacle.jpg
2026-04-21 20:31:46.751,30.0,77.8,OBSTACLE,/home/ubuntu/software_ws/snapshots/20260421_203146_740_obstacle.jpg
2026-04-21 20:31:46.973,30.0,77.4,OBSTACLE,/home/ubuntu/software_ws/snapshots/20260421_203146_954_obstacle.jpg
2026-04-21 20:31:47.281,30.0,76.2,OBSTACLE,/home/ubuntu/software_ws/snapshots/20260421_203147_276_obstacle.jpg
2026-04-21 20:31:47.687,30.0,76.9,OBSTACLE,/home/ubuntu/software_ws/snapshots/20260421_203147_683_obstacle.jpg
2026-04-21 20:31:48.395,30.0,76.4,OBSTACLE,/home/ubuntu/software_ws/snapshots/20260421_203148_391_obstacle.jpg
2026-04-21 20:31:48.801,30.0,77.2,OBSTACLE,/home/ubuntu/software_ws/snapshots/20260421_203148_797_obstacle.jpg
2026-04-21 20:31:49.207,29.9,76.6,OBSTACLE,/home/ubuntu/software_ws/snapshots/20260421_203149_203_obstacle.jpg
2026-04-21 20:31:49.412,30.0,76.5,OBSTACLE,/home/ubuntu/software_ws/snapshots/20260421_203149_408_obstacle.jpg
2026-04-21 20:31:49.719,30.0,77.3,OBSTACLE,/home/ubuntu/software_ws/snapshots/20260421_203149_714_obstacle.jpg
2026-04-21 20:31:50.226,29.9,77.0,OBSTACLE,/home/ubuntu/software_ws/snapshots/20260421_203150_222_obstacle.jpg
2026-04-21 20:31:50.431,30.0,77.1,OBSTACLE,/home/ubuntu/software_ws/snapshots/20260421_203150_427_obstacle.jpg
2026-04-21 20:31:50.636,30.0,77.3,OBSTACLE,/home/ubuntu/software_ws/snapshots/20260421_203150_632_obstacle.jpg
2026-04-21 20:31:51.546,29.9,77.0,OBSTACLE,/home/ubuntu/software_ws/snapshots/20260421_203151_541_obstacle.jpg
2026-04-21 20:31:51.783,30.0,77.2,OBSTACLE,/home/ubuntu/software_ws/snapshots/20260421_203151_779_obstacle.jpg
2026-04-21 20:31:51.988,29.9,77.3,OBSTACLE,/home/ubuntu/software_ws/snapshots/20260421_203151_984_obstacle.jpg
2026-04-21 20:31:52.295,30.0,76.6,OBSTACLE,/home/ubuntu/software_ws/snapshots/20260421_203152_290_obstacle.jpg
2026-04-21 20:31:52.817,30.0,77.3,OBSTACLE,/home/ubuntu/software_ws/snapshots/20260421_203152_800_obstacle.jpg
2026-04-21 20:31:53.348,30.0,77.0,OBSTACLE,/home/ubuntu/software_ws/snapshots/20260421_203153_329_obstacle.jpg
2026-04-21 20:31:53.565,29.9,77.1,OBSTACLE,/home/ubuntu/software_ws/snapshots/20260421_203153_551_obstacle.jpg
2026-04-21 20:31:53.889,29.9,77.5,OBSTACLE,/home/ubuntu/software_ws/snapshots/20260421_203153_869_obstacle.jpg
2026-04-21 20:31:54.312,30.0,76.9,OBSTACLE,/home/ubuntu/software_ws/snapshots/20260421_203154_293_obstacle.jpg
2026-04-21 20:31:54.526,29.9,76.8,OBSTACLE,/home/ubuntu/software_ws/snapshots/20260421_203154_515_obstacle.jpg
2026-04-21 20:31:55.135,30.0,75.8,OBSTACLE,/home/ubuntu/software_ws/snapshots/20260421_203155_131_obstacle.jpg
2026-04-21 20:31:55.854,30.0,76.7,OBSTACLE,/home/ubuntu/software_ws/snapshots/20260421_203155_841_obstacle.jpg
2026-04-21 20:31:56.178,30.0,77.1,OBSTACLE,/home/ubuntu/software_ws/snapshots/20260421_203156_158_obstacle.jpg
2026-04-21 20:31:56.385,30.0,75.6,OBSTACLE,/home/ubuntu/software_ws/snapshots/20260421_203156_381_obstacle.jpg
2026-04-21 20:31:56.707,29.9,76.4,OBSTACLE,/home/ubuntu/software_ws/snapshots/20260421_203156_688_obstacle.jpg
2026-04-21 20:31:57.426,30.0,77.3,OBSTACLE,/home/ubuntu/software_ws/snapshots/20260421_203157_415_obstacle.jpg
2026-04-21 20:31:57.734,29.9,77.4,OBSTACLE,/home/ubuntu/software_ws/snapshots/20260421_203157_729_obstacle.jpg
2026-04-21 20:31:57.945,30.0,77.0,OBSTACLE,/home/ubuntu/software_ws/snapshots/20260421_203157_936_obstacle.jpg
2026-04-21 20:31:58.155,30.0,77.1,OBSTACLE,/home/ubuntu/software_ws/snapshots/20260421_203158_146_obstacle.jpg
2026-04-21 20:31:58.769,30.0,76.8,OBSTACLE,/home/ubuntu/software_ws/snapshots/20260421_203158_761_obstacle.jpg
2026-04-21 20:31:59.386,30.0,76.5,OBSTACLE,/home/ubuntu/software_ws/snapshots/20260421_203159_375_obstacle.jpg
2026-04-21 20:31:59.699,30.0,76.4,OBSTACLE,/home/ubuntu/software_ws/snapshots/20260421_203159_689_obstacle.jpg
2026-04-21 20:32:00.012,30.0,77.5,OBSTACLE,/home/ubuntu/software_ws/snapshots/20260421_203200_002_obstacle.jpg
2026-04-21 20:32:00.429,30.0,76.3,OBSTACLE,/home/ubuntu/software_ws/snapshots/20260421_203200_415_obstacle.jpg
2026-04-21 20:32:00.739,30.0,78.0,OBSTACLE,/home/ubuntu/software_ws/snapshots/20260421_203200_731_obstacle.jpg
2026-04-21 20:32:00.944,30.0,76.3,OBSTACLE,/home/ubuntu/software_ws/snapshots/20260421_203200_940_obstacle.jpg
2026-04-21 20:32:01.351,30.0,77.7,OBSTACLE,/home/ubuntu/software_ws/snapshots/20260421_203201_347_obstacle.jpg
2026-04-21 20:32:01.664,30.0,76.7,OBSTACLE,/home/ubuntu/software_ws/snapshots/20260421_203201_653_obstacle.jpg
2026-04-21 20:32:02.277,29.9,76.9,OBSTACLE,/home/ubuntu/software_ws/snapshots/20260421_203202_269_obstacle.jpg
2026-04-21 20:32:02.483,30.0,77.4,OBSTACLE,/home/ubuntu/software_ws/snapshots/20260421_203202_478_obstacle.jpg
2026-04-21 20:32:03.095,30.0,76.7,OBSTACLE,/home/ubuntu/software_ws/snapshots/20260421_203203_088_obstacle.jpg
2026-04-21 20:32:03.708,29.9,77.0,OBSTACLE,/home/ubuntu/software_ws/snapshots/20260421_203203_700_obstacle.jpg
2026-04-21 20:32:03.914,29.9,77.5,OBSTACLE,/home/ubuntu/software_ws/snapshots/20260421_203203_910_obstacle.jpg
2026-04-21 20:32:04.532,29.9,76.6,OBSTACLE,/home/ubuntu/software_ws/snapshots/20260421_203204_520_obstacle.jpg
2026-04-21 20:32:05.145,30.0,77.3,OBSTACLE,/home/ubuntu/software_ws/snapshots/20260421_203205_137_obstacle.jpg
2026-04-21 20:32:05.556,30.0,77.6,OBSTACLE,/home/ubuntu/software_ws/snapshots/20260421_203205_548_obstacle.jpg
2026-04-21 20:32:05.965,30.0,77.4,OBSTACLE,/home/ubuntu/software_ws/snapshots/20260421_203205_959_obstacle.jpg
2026-04-21 20:32:06.576,29.9,77.0,OBSTACLE,/home/ubuntu/software_ws/snapshots/20260421_203206_569_obstacle.jpg
2026-04-21 20:32:06.782,29.9,77.9,OBSTACLE,/home/ubuntu/software_ws/snapshots/20260421_203206_778_obstacle.jpg
2026-04-21 20:32:07.190,30.0,76.4,OBSTACLE,/home/ubuntu/software_ws/snapshots/20260421_203207_185_obstacle.jpg
2026-04-21 20:32:07.599,29.9,77.7,OBSTACLE,/home/ubuntu/software_ws/snapshots/20260421_203207_594_obstacle.jpg
2026-04-21 20:32:07.806,30.0,76.9,OBSTACLE,/home/ubuntu/software_ws/snapshots/20260421_203207_801_obstacle.jpg
2026-04-21 20:32:08.134,30.0,76.9,OBSTACLE,/home/ubuntu/software_ws/snapshots/20260421_203208_109_obstacle.jpg
2026-04-21 20:32:08.660,30.0,77.1,OBSTACLE,/home/ubuntu/software_ws/snapshots/20260421_203208_640_obstacle.jpg
2026-04-21 20:32:09.383,30.0,76.6,OBSTACLE,/home/ubuntu/software_ws/snapshots/20260421_203209_370_obstacle.jpg
2026-04-21 20:32:09.894,30.0,77.0,OBSTACLE,/home/ubuntu/software_ws/snapshots/20260421_203209_888_obstacle.jpg
2026-04-21 20:32:10.519,29.9,76.7,OBSTACLE,/home/ubuntu/software_ws/snapshots/20260421_203210_498_obstacle.jpg
2026-04-21 20:32:10.829,30.0,77.7,OBSTACLE,/home/ubuntu/software_ws/snapshots/20260421_203210_823_obstacle.jpg
2026-04-21 20:32:11.759,30.0,76.7,OBSTACLE,/home/ubuntu/software_ws/snapshots/20260421_203211_740_obstacle.jpg
2026-04-21 20:32:12.083,29.9,77.3,OBSTACLE,/home/ubuntu/software_ws/snapshots/20260421_203212_064_obstacle.jpg
2026-04-21 20:32:12.294,29.9,77.3,OBSTACLE,/home/ubuntu/software_ws/snapshots/20260421_203212_286_obstacle.jpg
2026-04-21 20:32:12.921,30.0,76.2,OBSTACLE,/home/ubuntu/software_ws/snapshots/20260421_203212_900_obstacle.jpg
2026-04-21 20:32:13.347,30.0,77.1,OBSTACLE,/home/ubuntu/software_ws/snapshots/20260421_203213_328_obstacle.jpg
2026-04-21 20:32:13.659,30.0,76.6,OBSTACLE,/home/ubuntu/software_ws/snapshots/20260421_203213_651_obstacle.jpg
2026-04-21 20:32:13.881,30.0,77.1,OBSTACLE,/home/ubuntu/software_ws/snapshots/20260421_203213_862_obstacle.jpg
2026-04-21 20:32:14.103,30.0,77.4,OBSTACLE,/home/ubuntu/software_ws/snapshots/20260421_203214_084_obstacle.jpg
2026-04-21 20:32:14.730,30.0,76.5,OBSTACLE,/home/ubuntu/software_ws/snapshots/20260421_203214_709_obstacle.jpg
2026-04-21 20:32:15.970,30.0,77.1,OBSTACLE,/home/ubuntu/software_ws/snapshots/20260421_203215_948_obstacle.jpg
2026-04-21 20:32:16.303,29.9,76.8,OBSTACLE,/home/ubuntu/software_ws/snapshots/20260421_203216_274_obstacle.jpg
2026-04-21 20:32:16.742,29.9,77.8,OBSTACLE,/home/ubuntu/software_ws/snapshots/20260421_203216_708_obstacle.jpg
2026-04-21 20:32:16.952,30.0,76.8,OBSTACLE,/home/ubuntu/software_ws/snapshots/20260421_203216_945_obstacle.jpg
2026-04-21 20:32:17.473,30.0,77.0,OBSTACLE,/home/ubuntu/software_ws/snapshots/20260421_203217_457_obstacle.jpg
2026-04-21 20:32:17.696,30.0,76.4,OBSTACLE,/home/ubuntu/software_ws/snapshots/20260421_203217_676_obstacle.jpg
2026-04-21 20:32:18.026,30.0,77.2,OBSTACLE,/home/ubuntu/software_ws/snapshots/20260421_203218_000_obstacle.jpg
2026-04-21 20:32:18.655,30.0,76.2,OBSTACLE,/home/ubuntu/software_ws/snapshots/20260421_203218_637_obstacle.jpg
2026-04-21 20:32:19.483,30.0,77.5,OBSTACLE,/home/ubuntu/software_ws/snapshots/20260421_203219_464_obstacle.jpg
2026-04-21 20:32:20.412,29.9,77.0,OBSTACLE,/home/ubuntu/software_ws/snapshots/20260421_203220_392_obstacle.jpg
2026-04-21 20:32:21.342,29.9,76.3,OBSTACLE,/home/ubuntu/software_ws/snapshots/20260421_203221_323_obstacle.jpg
2026-04-21 20:32:21.858,30.0,76.9,OBSTACLE,/home/ubuntu/software_ws/snapshots/20260421_203221_848_obstacle.jpg
2026-04-21 20:32:22.078,30.0,77.5,OBSTACLE,/home/ubuntu/software_ws/snapshots/20260421_203222_060_obstacle.jpg
2026-04-21 20:32:22.603,29.9,77.2,OBSTACLE,/home/ubuntu/software_ws/snapshots/20260421_203222_584_obstacle.jpg
2026-04-21 20:32:22.915,30.0,76.4,OBSTACLE,/home/ubuntu/software_ws/snapshots/20260421_203222_906_obstacle.jpg
2026-04-21 20:32:23.225,30.0,77.1,OBSTACLE,/home/ubuntu/software_ws/snapshots/20260421_203223_219_obstacle.jpg
2026-04-21 20:32:23.533,30.0,75.9,OBSTACLE,/home/ubuntu/software_ws/snapshots/20260421_203223_527_obstacle.jpg
2026-04-21 20:32:23.747,30.0,76.8,OBSTACLE,/home/ubuntu/software_ws/snapshots/20260421_203223_736_obstacle.jpg
2026-04-21 20:32:24.170,30.0,76.2,OBSTACLE,/home/ubuntu/software_ws/snapshots/20260421_203224_151_obstacle.jpg
2026-04-21 20:32:24.601,30.0,76.7,OBSTACLE,/home/ubuntu/software_ws/snapshots/20260421_203224_575_obstacle.jpg
2026-04-21 20:32:24.824,29.9,77.0,OBSTACLE,/home/ubuntu/software_ws/snapshots/20260421_203224_803_obstacle.jpg
2026-04-21 20:32:25.342,30.0,77.3,OBSTACLE,/home/ubuntu/software_ws/snapshots/20260421_203225_331_obstacle.jpg
2026-04-21 20:32:25.867,30.0,76.3,OBSTACLE,/home/ubuntu/software_ws/snapshots/20260421_203225_848_obstacle.jpg
2026-04-21 20:32:26.786,29.9,77.7,OBSTACLE,/home/ubuntu/software_ws/snapshots/20260421_203226_775_obstacle.jpg
2026-04-21 20:32:27.113,29.9,76.7,OBSTACLE,/home/ubuntu/software_ws/snapshots/20260421_203227_090_obstacle.jpg
2026-04-21 20:32:27.844,30.0,76.9,OBSTACLE,/home/ubuntu/software_ws/snapshots/20260421_203227_822_obstacle.jpg
2026-04-21 20:32:28.071,30.0,77.4,OBSTACLE,/home/ubuntu/software_ws/snapshots/20260421_203228_050_obstacle.jpg
2026-04-21 20:32:28.389,29.9,76.2,OBSTACLE,/home/ubuntu/software_ws/snapshots/20260421_203228_377_obstacle.jpg
2026-04-21 20:32:28.706,29.9,77.4,OBSTACLE,/home/ubuntu/software_ws/snapshots/20260421_203228_693_obstacle.jpg
2026-04-21 20:32:29.231,30.0,77.3,OBSTACLE,/home/ubuntu/software_ws/snapshots/20260421_203229_212_obstacle.jpg
2026-04-21 20:32:29.453,30.0,77.4,OBSTACLE,/home/ubuntu/software_ws/snapshots/20260421_203229_434_obstacle.jpg
2026-04-21 20:32:30.179,30.0,76.9,OBSTACLE,/home/ubuntu/software_ws/snapshots/20260421_203230_160_obstacle.jpg
2026-04-21 20:32:30.401,30.0,77.2,OBSTACLE,/home/ubuntu/software_ws/snapshots/20260421_203230_382_obstacle.jpg
2026-04-21 20:32:30.927,30.0,77.0,OBSTACLE,/home/ubuntu/software_ws/snapshots/20260421_203230_907_obstacle.jpg
2026-04-21 20:32:31.142,30.0,76.7,OBSTACLE,/home/ubuntu/software_ws/snapshots/20260421_203231_129_obstacle.jpg
2026-04-21 20:32:31.465,29.9,76.4,OBSTACLE,/home/ubuntu/software_ws/snapshots/20260421_203231_446_obstacle.jpg
2026-04-21 20:32:31.788,30.0,76.6,OBSTACLE,/home/ubuntu/software_ws/snapshots/20260421_203231_769_obstacle.jpg
2026-04-21 20:32:32.618,30.0,76.8,OBSTACLE,/home/ubuntu/software_ws/snapshots/20260421_203232_598_obstacle.jpg
2026-04-21 20:32:32.949,30.0,76.9,OBSTACLE,/home/ubuntu/software_ws/snapshots/20260421_203232_923_obstacle.jpg
2026-04-21 20:32:33.175,29.9,76.3,OBSTACLE,/home/ubuntu/software_ws/snapshots/20260421_203233_153_obstacle.jpg
2026-04-21 20:32:33.690,29.9,76.6,OBSTACLE,/home/ubuntu/software_ws/snapshots/20260421_203233_679_obstacle.jpg
2026-04-21 20:32:34.013,29.9,76.7,OBSTACLE,/home/ubuntu/software_ws/snapshots/20260421_203233_994_obstacle.jpg
2026-04-21 20:32:34.745,29.9,76.6,OBSTACLE,/home/ubuntu/software_ws/snapshots/20260421_203234_722_obstacle.jpg
2026-04-21 20:32:35.567,30.0,77.2,OBSTACLE,/home/ubuntu/software_ws/snapshots/20260421_203235_556_obstacle.jpg
2026-04-21 20:32:35.890,30.0,77.1,OBSTACLE,/home/ubuntu/software_ws/snapshots/20260421_203235_871_obstacle.jpg
2026-04-21 20:32:36.415,30.0,77.0,OBSTACLE,/home/ubuntu/software_ws/snapshots/20260421_203236_396_obstacle.jpg
2026-04-21 20:32:36.742,30.0,76.9,OBSTACLE,/home/ubuntu/software_ws/snapshots/20260421_203236_720_obstacle.jpg
2026-04-21 20:32:36.965,30.0,77.2,OBSTACLE,/home/ubuntu/software_ws/snapshots/20260421_203236_946_obstacle.jpg
2026-04-21 20:32:37.288,30.0,77.4,OBSTACLE,/home/ubuntu/software_ws/snapshots/20260421_203237_269_obstacle.jpg
2026-04-21 20:32:37.698,29.9,75.9,OBSTACLE,/home/ubuntu/software_ws/snapshots/20260421_203237_692_obstacle.jpg
2026-04-21 20:32:38.222,30.0,77.4,OBSTACLE,/home/ubuntu/software_ws/snapshots/20260421_203238_203_obstacle.jpg
2026-04-21 20:32:38.849,30.0,77.0,OBSTACLE,/home/ubuntu/software_ws/snapshots/20260421_203238_828_obstacle.jpg
2026-04-21 20:32:39.467,30.0,76.4,OBSTACLE,/home/ubuntu/software_ws/snapshots/20260421_203239_456_obstacle.jpg
2026-04-21 20:32:40.391,30.0,76.8,OBSTACLE,/home/ubuntu/software_ws/snapshots/20260421_203240_376_obstacle.jpg
2026-04-21 20:32:40.714,30.0,77.8,OBSTACLE,/home/ubuntu/software_ws/snapshots/20260421_203240_695_obstacle.jpg
2026-04-21 20:32:41.340,29.9,76.9,OBSTACLE,/home/ubuntu/software_ws/snapshots/20260421_203241_321_obstacle.jpg
2026-04-21 20:32:41.564,30.0,76.9,OBSTACLE,/home/ubuntu/software_ws/snapshots/20260421_203241_544_obstacle.jpg
2026-04-21 20:32:41.886,29.9,76.8,OBSTACLE,/home/ubuntu/software_ws/snapshots/20260421_203241_868_obstacle.jpg
2026-04-21 20:32:42.412,29.9,77.9,OBSTACLE,/home/ubuntu/software_ws/snapshots/20260421_203242_392_obstacle.jpg
2026-04-21 20:32:42.936,30.0,76.6,OBSTACLE,/home/ubuntu/software_ws/snapshots/20260421_203242_917_obstacle.jpg
2026-04-21 20:32:43.375,30.0,77.8,OBSTACLE,/home/ubuntu/software_ws/snapshots/20260421_203243_357_obstacle.jpg
2026-04-21 20:32:44.106,30.0,76.7,OBSTACLE,/home/ubuntu/software_ws/snapshots/20260421_203244_087_obstacle.jpg
2026-04-21 20:32:44.530,30.0,78.6,OBSTACLE,/home/ubuntu/software_ws/snapshots/20260421_203244_511_obstacle.jpg
2026-04-21 20:32:44.959,30.0,77.1,OBSTACLE,/home/ubuntu/software_ws/snapshots/20260421_203244_935_obstacle.jpg
2026-04-21 20:32:45.383,30.0,76.7,OBSTACLE,/home/ubuntu/software_ws/snapshots/20260421_203245_365_obstacle.jpg
2026-04-21 20:32:46.216,30.0,77.1,OBSTACLE,/home/ubuntu/software_ws/snapshots/20260421_203246_195_obstacle.jpg
2026-04-21 20:32:46.845,30.0,76.7,OBSTACLE,/home/ubuntu/software_ws/snapshots/20260421_203246_823_obstacle.jpg
2026-04-21 20:32:47.467,30.0,76.8,OBSTACLE,/home/ubuntu/software_ws/snapshots/20260421_203247_457_obstacle.jpg
2026-04-21 20:32:47.789,30.0,77.2,OBSTACLE,/home/ubuntu/software_ws/snapshots/20260421_203247_770_obstacle.jpg
2026-04-21 20:32:49.528,29.9,77.8,OBSTACLE,/home/ubuntu/software_ws/snapshots/20260421_203249_508_obstacle.jpg
2026-04-21 20:32:50.152,30.0,77.3,OBSTACLE,/home/ubuntu/software_ws/snapshots/20260421_203250_135_obstacle.jpg
2026-04-21 20:32:50.579,30.0,76.5,OBSTACLE,/home/ubuntu/software_ws/snapshots/20260421_203250_561_obstacle.jpg
2026-04-21 20:32:51.409,30.0,77.3,OBSTACLE,/home/ubuntu/software_ws/snapshots/20260421_203251_388_obstacle.jpg
2026-04-21 20:32:51.942,30.0,77.6,OBSTACLE,/home/ubuntu/software_ws/snapshots/20260421_203251_916_obstacle.jpg
2026-04-21 20:32:52.369,30.0,76.7,OBSTACLE,/home/ubuntu/software_ws/snapshots/20260421_203252_348_obstacle.jpg
2026-04-21 20:32:53.197,30.0,77.6,OBSTACLE,/home/ubuntu/software_ws/snapshots/20260421_203253_178_obstacle.jpg
2026-04-21 20:32:53.419,30.0,77.0,OBSTACLE,/home/ubuntu/software_ws/snapshots/20260421_203253_400_obstacle.jpg
2026-04-21 20:32:53.956,30.0,77.2,OBSTACLE,/home/ubuntu/software_ws/snapshots/20260421_203253_925_obstacle.jpg
2026-04-21 20:32:56.602,29.9,76.8,OBSTACLE,/home/ubuntu/software_ws/snapshots/20260421_203256_584_obstacle.jpg
2026-04-21 20:32:56.826,29.9,76.0,OBSTACLE,/home/ubuntu/software_ws/snapshots/20260421_203256_804_obstacle.jpg
2026-04-21 20:32:57.046,29.9,77.2,OBSTACLE,/home/ubuntu/software_ws/snapshots/20260421_203257_030_obstacle.jpg
2026-04-21 20:32:57.375,29.9,76.2,OBSTACLE,/home/ubuntu/software_ws/snapshots/20260421_203257_350_obstacle.jpg
2026-04-21 20:32:58.012,29.9,77.2,OBSTACLE,/home/ubuntu/software_ws/snapshots/20260421_203257_982_obstacle.jpg
2026-04-21 20:32:58.237,30.0,76.6,OBSTACLE,/home/ubuntu/software_ws/snapshots/20260421_203258_216_obstacle.jpg
2026-04-21 20:32:58.462,30.0,76.7,OBSTACLE,/home/ubuntu/software_ws/snapshots/20260421_203258_441_obstacle.jpg
2026-04-21 20:32:58.685,30.0,77.0,OBSTACLE,/home/ubuntu/software_ws/snapshots/20260421_203258_666_obstacle.jpg
2026-04-21 20:33:00.020,30.0,76.0,OBSTACLE,/home/ubuntu/software_ws/snapshots/20260421_203300_001_obstacle.jpg
2026-04-21 20:33:00.242,30.0,76.7,OBSTACLE,/home/ubuntu/software_ws/snapshots/20260421_203300_223_obstacle.jpg
2026-04-21 20:33:00.470,30.0,76.6,OBSTACLE,/home/ubuntu/software_ws/snapshots/20260421_203300_445_obstacle.jpg
2026-04-21 20:33:00.792,30.0,76.8,OBSTACLE,/home/ubuntu/software_ws/snapshots/20260421_203300_773_obstacle.jpg
2026-04-21 20:33:01.216,30.0,75.9,OBSTACLE,/home/ubuntu/software_ws/snapshots/20260421_203301_197_obstacle.jpg
2026-04-21 20:33:01.629,30.0,77.3,OBSTACLE,/home/ubuntu/software_ws/snapshots/20260421_203301_621_obstacle.jpg
2026-04-21 20:33:01.842,30.0,77.0,OBSTACLE,/home/ubuntu/software_ws/snapshots/20260421_203301_831_obstacle.jpg
2026-04-21 20:33:02.167,30.0,77.2,OBSTACLE,/home/ubuntu/software_ws/snapshots/20260421_203302_145_obstacle.jpg
2026-04-21 20:33:02.497,30.0,76.7,OBSTACLE,/home/ubuntu/software_ws/snapshots/20260421_203302_471_obstacle.jpg
2026-04-21 20:33:02.912,30.0,76.7,OBSTACLE,/home/ubuntu/software_ws/snapshots/20260421_203302_902_obstacle.jpg
2026-04-21 20:33:03.228,30.0,77.7,OBSTACLE,/home/ubuntu/software_ws/snapshots/20260421_203303_215_obstacle.jpg
2026-04-21 20:33:03.856,30.0,77.6,OBSTACLE,/home/ubuntu/software_ws/snapshots/20260421_203303_834_obstacle.jpg
2026-04-21 20:33:04.688,30.0,76.1,OBSTACLE,/home/ubuntu/software_ws/snapshots/20260421_203304_669_obstacle.jpg
2026-04-21 20:33:04.909,30.0,77.4,OBSTACLE,/home/ubuntu/software_ws/snapshots/20260421_203304_891_obstacle.jpg
2026-04-21 20:33:05.128,30.0,77.0,OBSTACLE,/home/ubuntu/software_ws/snapshots/20260421_203305_112_obstacle.jpg
2026-04-21 20:33:05.451,30.0,76.3,OBSTACLE,/home/ubuntu/software_ws/snapshots/20260421_203305_432_obstacle.jpg
2026-04-21 20:33:05.878,30.0,77.5,OBSTACLE,/home/ubuntu/software_ws/snapshots/20260421_203305_859_obstacle.jpg
2026-04-21 20:33:06.201,30.0,77.1,OBSTACLE,/home/ubuntu/software_ws/snapshots/20260421_203306_182_obstacle.jpg
2026-04-21 20:33:06.617,30.0,77.4,OBSTACLE,/home/ubuntu/software_ws/snapshots/20260421_203306_605_obstacle.jpg
2026-04-21 20:33:06.928,30.0,76.8,OBSTACLE,/home/ubuntu/software_ws/snapshots/20260421_203306_919_obstacle.jpg
2026-04-21 20:33:07.341,30.0,77.5,OBSTACLE,/home/ubuntu/software_ws/snapshots/20260421_203307_331_obstacle.jpg
2026-04-21 20:33:07.865,30.0,76.6,OBSTACLE,/home/ubuntu/software_ws/snapshots/20260421_203307_846_obstacle.jpg
2026-04-21 20:33:08.079,30.0,77.7,OBSTACLE,/home/ubuntu/software_ws/snapshots/20260421_203308_069_obstacle.jpg
2026-04-21 20:33:09.108,30.0,77.5,OBSTACLE,/home/ubuntu/software_ws/snapshots/20260421_203309_088_obstacle.jpg
2026-04-21 20:33:09.331,30.0,76.6,OBSTACLE,/home/ubuntu/software_ws/snapshots/20260421_203309_312_obstacle.jpg
2026-04-21 20:33:09.851,30.0,77.2,OBSTACLE,/home/ubuntu/software_ws/snapshots/20260421_203309_837_obstacle.jpg
2026-04-21 20:33:10.176,30.0,76.8,OBSTACLE,/home/ubuntu/software_ws/snapshots/20260421_203310_155_obstacle.jpg
2026-04-21 20:33:10.399,30.0,77.3,OBSTACLE,/home/ubuntu/software_ws/snapshots/20260421_203310_379_obstacle.jpg
2026-04-21 20:33:13.147,30.0,77.1,OBSTACLE,/home/ubuntu/software_ws/snapshots/20260421_203313_127_obstacle.jpg
2026-04-21 20:33:13.477,29.9,77.2,OBSTACLE,/home/ubuntu/software_ws/snapshots/20260421_203313_452_obstacle.jpg
2026-04-21 20:33:15.215,29.9,76.8,OBSTACLE,/home/ubuntu/software_ws/snapshots/20260421_203315_196_obstacle.jpg
2026-04-21 20:33:15.437,30.0,77.2,OBSTACLE,/home/ubuntu/software_ws/snapshots/20260421_203315_418_obstacle.jpg
2026-04-21 20:33:16.879,30.0,77.7,OBSTACLE,/home/ubuntu/software_ws/snapshots/20260421_203316_853_obstacle.jpg
2026-04-21 20:33:17.304,30.0,76.4,OBSTACLE,/home/ubuntu/software_ws/snapshots/20260421_203317_285_obstacle.jpg
2026-04-21 20:33:17.612,30.0,77.2,OBSTACLE,/home/ubuntu/software_ws/snapshots/20260421_203317_608_obstacle.jpg
2026-04-21 20:33:18.442,30.0,76.9,OBSTACLE,/home/ubuntu/software_ws/snapshots/20260421_203318_421_obstacle.jpg
2026-04-21 20:33:18.966,30.0,76.6,OBSTACLE,/home/ubuntu/software_ws/snapshots/20260421_203318_948_obstacle.jpg
2026-04-21 20:33:19.796,30.0,77.4,OBSTACLE,/home/ubuntu/software_ws/snapshots/20260421_203319_777_obstacle.jpg
2026-04-21 20:33:20.119,30.0,77.2,OBSTACLE,/home/ubuntu/software_ws/snapshots/20260421_203320_100_obstacle.jpg
2026-04-21 20:33:20.542,29.9,76.9,OBSTACLE,/home/ubuntu/software_ws/snapshots/20260421_203320_523_obstacle.jpg
2026-04-21 20:33:20.969,30.0,76.5,OBSTACLE,/home/ubuntu/software_ws/snapshots/20260421_203320_948_obstacle.jpg
2026-04-21 20:33:21.395,30.0,76.9,OBSTACLE,/home/ubuntu/software_ws/snapshots/20260421_203321_376_obstacle.jpg
2026-04-21 20:33:21.709,30.0,76.6,OBSTACLE,/home/ubuntu/software_ws/snapshots/20260421_203321_699_obstacle.jpg
2026-04-21 20:33:22.032,30.0,77.3,OBSTACLE,/home/ubuntu/software_ws/snapshots/20260421_203322_013_obstacle.jpg
2026-04-21 20:33:22.557,30.0,76.9,OBSTACLE,/home/ubuntu/software_ws/snapshots/20260421_203322_538_obstacle.jpg
2026-04-21 20:33:23.199,30.0,76.5,OBSTACLE,/home/ubuntu/software_ws/snapshots/20260421_203323_176_obstacle.jpg
2026-04-21 20:33:23.523,30.0,76.8,OBSTACLE,/home/ubuntu/software_ws/snapshots/20260421_203323_503_obstacle.jpg
2026-04-21 20:33:23.845,30.0,77.2,OBSTACLE,/home/ubuntu/software_ws/snapshots/20260421_203323_827_obstacle.jpg
2026-04-21 20:33:24.078,30.0,76.8,OBSTACLE,/home/ubuntu/software_ws/snapshots/20260421_203324_047_obstacle.jpg
2026-04-21 20:33:25.009,30.0,77.8,OBSTACLE,/home/ubuntu/software_ws/snapshots/20260421_203324_989_obstacle.jpg
2026-04-21 20:33:25.437,29.9,77.4,OBSTACLE,/home/ubuntu/software_ws/snapshots/20260421_203325_415_obstacle.jpg
2026-04-21 20:33:25.963,29.9,78.3,OBSTACLE,/home/ubuntu/software_ws/snapshots/20260421_203325_944_obstacle.jpg
2026-04-21 20:33:26.193,29.9,77.1,OBSTACLE,/home/ubuntu/software_ws/snapshots/20260421_203326_171_obstacle.jpg
2026-04-21 20:33:26.519,30.0,76.5,OBSTACLE,/home/ubuntu/software_ws/snapshots/20260421_203326_497_obstacle.jpg
2026-04-21 20:33:26.737,30.0,76.8,OBSTACLE,/home/ubuntu/software_ws/snapshots/20260421_203326_722_obstacle.jpg
2026-04-21 20:33:27.581,29.9,76.7,OBSTACLE,/home/ubuntu/software_ws/snapshots/20260421_203327_548_obstacle.jpg
2026-04-21 20:33:28.007,30.0,77.3,OBSTACLE,/home/ubuntu/software_ws/snapshots/20260421_203327_986_obstacle.jpg
2026-04-21 20:33:28.433,30.0,76.9,OBSTACLE,/home/ubuntu/software_ws/snapshots/20260421_203328_414_obstacle.jpg
2026-04-21 20:33:28.859,30.0,77.5,OBSTACLE,/home/ubuntu/software_ws/snapshots/20260421_203328_839_obstacle.jpg
2026-04-21 20:33:29.287,30.0,77.1,OBSTACLE,/home/ubuntu/software_ws/snapshots/20260421_203329_267_obstacle.jpg
2026-04-21 20:33:29.509,29.9,76.2,OBSTACLE,/home/ubuntu/software_ws/snapshots/20260421_203329_490_obstacle.jpg
2026-04-21 20:33:30.034,29.9,76.5,OBSTACLE,/home/ubuntu/software_ws/snapshots/20260421_203330_015_obstacle.jpg
2026-04-21 20:33:30.560,29.9,76.8,OBSTACLE,/home/ubuntu/software_ws/snapshots/20260421_203330_541_obstacle.jpg
2026-04-21 20:33:31.085,30.0,77.3,OBSTACLE,/home/ubuntu/software_ws/snapshots/20260421_203331_066_obstacle.jpg
2026-04-21 20:33:31.406,30.0,77.1,OBSTACLE,/home/ubuntu/software_ws/snapshots/20260421_203331_389_obstacle.jpg
2026-04-21 20:33:32.031,30.0,76.2,OBSTACLE,/home/ubuntu/software_ws/snapshots/20260421_203332_012_obstacle.jpg
2026-04-21 20:33:32.456,30.0,77.0,OBSTACLE,/home/ubuntu/software_ws/snapshots/20260421_203332_437_obstacle.jpg
2026-04-21 20:33:32.883,30.0,77.0,OBSTACLE,/home/ubuntu/software_ws/snapshots/20260421_203332_861_obstacle.jpg
2026-04-21 20:33:33.609,30.0,76.6,OBSTACLE,/home/ubuntu/software_ws/snapshots/20260421_203333_591_obstacle.jpg
2026-04-21 20:33:34.437,29.9,77.5,OBSTACLE,/home/ubuntu/software_ws/snapshots/20260421_203334_418_obstacle.jpg
2026-04-21 20:33:35.165,30.0,77.3,OBSTACLE,/home/ubuntu/software_ws/snapshots/20260421_203335_144_obstacle.jpg
2026-04-21 20:33:36.300,30.0,76.4,OBSTACLE,/home/ubuntu/software_ws/snapshots/20260421_203336_281_obstacle.jpg
2026-04-21 20:33:36.724,30.0,76.8,OBSTACLE,/home/ubuntu/software_ws/snapshots/20260421_203336_705_obstacle.jpg
2026-04-21 20:33:37.041,29.9,77.1,OBSTACLE,/home/ubuntu/software_ws/snapshots/20260421_203337_028_obstacle.jpg
2026-04-21 20:33:37.262,29.9,77.4,OBSTACLE,/home/ubuntu/software_ws/snapshots/20260421_203337_243_obstacle.jpg
2026-04-21 20:33:37.687,30.0,76.0,OBSTACLE,/home/ubuntu/software_ws/snapshots/20260421_203337_667_obstacle.jpg
2026-04-21 20:33:38.111,30.0,75.9,OBSTACLE,/home/ubuntu/software_ws/snapshots/20260421_203338_092_obstacle.jpg
2026-04-21 20:33:38.428,30.0,76.1,OBSTACLE,/home/ubuntu/software_ws/snapshots/20260421_203338_414_obstacle.jpg
2026-04-21 20:33:38.649,29.9,76.7,OBSTACLE,/home/ubuntu/software_ws/snapshots/20260421_203338_631_obstacle.jpg
2026-04-21 20:33:38.976,30.0,76.4,OBSTACLE,/home/ubuntu/software_ws/snapshots/20260421_203338_953_obstacle.jpg
2026-04-21 20:33:39.799,30.0,76.6,OBSTACLE,/home/ubuntu/software_ws/snapshots/20260421_203339_791_obstacle.jpg
2026-04-21 20:33:40.638,30.0,76.4,OBSTACLE,/home/ubuntu/software_ws/snapshots/20260421_203340_609_obstacle.jpg
2026-04-21 20:33:40.963,30.0,77.0,OBSTACLE,/home/ubuntu/software_ws/snapshots/20260421_203340_942_obstacle.jpg
2026-04-21 20:33:41.283,30.0,77.0,OBSTACLE,/home/ubuntu/software_ws/snapshots/20260421_203341_267_obstacle.jpg
2026-04-21 20:33:41.503,30.0,75.9,OBSTACLE,/home/ubuntu/software_ws/snapshots/20260421_203341_486_obstacle.jpg
2026-04-21 20:33:41.822,30.0,76.5,OBSTACLE,/home/ubuntu/software_ws/snapshots/20260421_203341_807_obstacle.jpg
2026-04-21 20:33:42.452,29.9,76.9,OBSTACLE,/home/ubuntu/software_ws/snapshots/20260421_203342_429_obstacle.jpg
2026-04-21 20:33:42.991,29.9,76.8,OBSTACLE,/home/ubuntu/software_ws/snapshots/20260421_203342_958_obstacle.jpg
2026-04-21 20:33:43.411,30.0,77.4,OBSTACLE,/home/ubuntu/software_ws/snapshots/20260421_203343_397_obstacle.jpg
2026-04-21 20:33:43.836,30.0,76.0,OBSTACLE,/home/ubuntu/software_ws/snapshots/20260421_203343_816_obstacle.jpg
2026-04-21 20:33:44.159,30.0,76.3,OBSTACLE,/home/ubuntu/software_ws/snapshots/20260421_203344_140_obstacle.jpg
2026-04-21 20:33:44.782,30.0,76.3,OBSTACLE,/home/ubuntu/software_ws/snapshots/20260421_203344_766_obstacle.jpg
2026-04-21 20:33:45.206,30.0,77.1,OBSTACLE,/home/ubuntu/software_ws/snapshots/20260421_203345_187_obstacle.jpg
2026-04-21 20:33:46.143,30.0,77.0,OBSTACLE,/home/ubuntu/software_ws/snapshots/20260421_203346_116_obstacle.jpg
2026-04-21 20:33:46.365,30.0,76.8,OBSTACLE,/home/ubuntu/software_ws/snapshots/20260421_203346_346_obstacle.jpg
2026-04-21 20:33:46.577,30.0,76.7,OBSTACLE,/home/ubuntu/software_ws/snapshots/20260421_203346_567_obstacle.jpg
2026-04-21 20:33:46.901,29.9,76.6,OBSTACLE,/home/ubuntu/software_ws/snapshots/20260421_203346_882_obstacle.jpg
2026-04-21 20:33:47.123,30.0,76.4,OBSTACLE,/home/ubuntu/software_ws/snapshots/20260421_203347_104_obstacle.jpg
2026-04-21 20:33:47.345,30.0,77.4,OBSTACLE,/home/ubuntu/software_ws/snapshots/20260421_203347_326_obstacle.jpg
2026-04-21 20:33:47.668,30.0,77.9,OBSTACLE,/home/ubuntu/software_ws/snapshots/20260421_203347_649_obstacle.jpg
2026-04-21 20:33:47.993,30.0,76.4,OBSTACLE,/home/ubuntu/software_ws/snapshots/20260421_203347_972_obstacle.jpg
2026-04-21 20:33:48.618,29.9,77.8,OBSTACLE,/home/ubuntu/software_ws/snapshots/20260421_203348_599_obstacle.jpg
2026-04-21 20:33:48.824,29.9,76.8,OBSTACLE,/home/ubuntu/software_ws/snapshots/20260421_203348_820_obstacle.jpg
2026-04-21 20:33:49.436,30.0,76.9,OBSTACLE,/home/ubuntu/software_ws/snapshots/20260421_203349_429_obstacle.jpg
2026-04-21 20:33:49.756,30.0,77.8,OBSTACLE,/home/ubuntu/software_ws/snapshots/20260421_203349_739_obstacle.jpg
2026-04-21 20:33:50.387,30.0,76.8,OBSTACLE,/home/ubuntu/software_ws/snapshots/20260421_203350_367_obstacle.jpg
2026-04-21 20:33:51.924,30.0,77.3,OBSTACLE,/home/ubuntu/software_ws/snapshots/20260421_203351_903_obstacle.jpg
2026-04-21 20:33:52.854,30.0,77.1,OBSTACLE,/home/ubuntu/software_ws/snapshots/20260421_203352_833_obstacle.jpg
2026-04-21 20:33:53.984,30.0,76.4,OBSTACLE,/home/ubuntu/software_ws/snapshots/20260421_203353_965_obstacle.jpg
2026-04-21 20:33:54.206,30.0,76.8,OBSTACLE,/home/ubuntu/software_ws/snapshots/20260421_203354_190_obstacle.jpg
2026-04-21 20:33:54.415,30.0,77.0,OBSTACLE,/home/ubuntu/software_ws/snapshots/20260421_203354_409_obstacle.jpg
2026-04-21 20:33:54.843,29.9,76.5,OBSTACLE,/home/ubuntu/software_ws/snapshots/20260421_203354_821_obstacle.jpg
2026-04-21 20:33:55.757,30.0,77.3,OBSTACLE,/home/ubuntu/software_ws/snapshots/20260421_203355_751_obstacle.jpg
2026-04-21 20:33:56.183,30.0,76.6,OBSTACLE,/home/ubuntu/software_ws/snapshots/20260421_203356_161_obstacle.jpg
2026-04-21 20:33:56.413,30.0,77.4,OBSTACLE,/home/ubuntu/software_ws/snapshots/20260421_203356_391_obstacle.jpg
2026-04-21 20:33:57.344,29.9,76.9,OBSTACLE,/home/ubuntu/software_ws/snapshots/20260421_203357_323_obstacle.jpg
2026-04-21 20:33:58.470,30.0,77.3,OBSTACLE,/home/ubuntu/software_ws/snapshots/20260421_203358_453_obstacle.jpg
2026-04-21 20:33:58.998,30.0,76.9,OBSTACLE,/home/ubuntu/software_ws/snapshots/20260421_203358_977_obstacle.jpg
2026-04-21 20:33:59.514,30.0,77.0,OBSTACLE,/home/ubuntu/software_ws/snapshots/20260421_203359_504_obstacle.jpg
2026-04-21 20:33:59.934,30.0,77.8,OBSTACLE,/home/ubuntu/software_ws/snapshots/20260421_203359_918_obstacle.jpg
2026-04-21 20:34:00.460,30.0,76.8,OBSTACLE,/home/ubuntu/software_ws/snapshots/20260421_203400_440_obstacle.jpg
2026-04-21 20:34:00.981,30.0,77.1,OBSTACLE,/home/ubuntu/software_ws/snapshots/20260421_203400_966_obstacle.jpg
2026-04-21 20:34:01.817,30.0,76.7,OBSTACLE,/home/ubuntu/software_ws/snapshots/20260421_203401_796_obstacle.jpg
2026-04-21 20:34:02.242,30.0,77.5,OBSTACLE,/home/ubuntu/software_ws/snapshots/20260421_203402_223_obstacle.jpg
2026-04-21 20:34:02.565,30.0,76.2,OBSTACLE,/home/ubuntu/software_ws/snapshots/20260421_203402_546_obstacle.jpg
2026-04-21 20:34:03.090,29.9,77.0,OBSTACLE,/home/ubuntu/software_ws/snapshots/20260421_203403_070_obstacle.jpg
2026-04-21 20:34:03.920,30.0,76.5,OBSTACLE,/home/ubuntu/software_ws/snapshots/20260421_203403_902_obstacle.jpg
2026-04-21 20:34:04.748,30.0,77.3,OBSTACLE,/home/ubuntu/software_ws/snapshots/20260421_203404_729_obstacle.jpg
2026-04-21 20:34:05.071,30.0,76.7,OBSTACLE,/home/ubuntu/software_ws/snapshots/20260421_203405_052_obstacle.jpg
2026-04-21 20:34:05.901,30.0,77.1,OBSTACLE,/home/ubuntu/software_ws/snapshots/20260421_203405_879_obstacle.jpg
2026-04-21 20:34:06.123,30.0,76.1,OBSTACLE,/home/ubuntu/software_ws/snapshots/20260421_203406_104_obstacle.jpg
2026-04-21 20:34:06.546,30.0,76.8,OBSTACLE,/home/ubuntu/software_ws/snapshots/20260421_203406_528_obstacle.jpg
2026-04-21 20:34:06.867,30.0,76.8,OBSTACLE,/home/ubuntu/software_ws/snapshots/20260421_203406_851_obstacle.jpg
2026-04-21 20:34:07.293,29.9,76.8,OBSTACLE,/home/ubuntu/software_ws/snapshots/20260421_203407_272_obstacle.jpg
2026-04-21 20:34:07.518,30.0,76.2,OBSTACLE,/home/ubuntu/software_ws/snapshots/20260421_203407_499_obstacle.jpg
2026-04-21 20:34:07.832,30.0,76.5,OBSTACLE,/home/ubuntu/software_ws/snapshots/20260421_203407_821_obstacle.jpg
2026-04-21 20:34:08.154,30.0,77.2,OBSTACLE,/home/ubuntu/software_ws/snapshots/20260421_203408_135_obstacle.jpg
2026-04-21 20:34:08.674,30.0,76.4,OBSTACLE,/home/ubuntu/software_ws/snapshots/20260421_203408_661_obstacle.jpg
2026-04-21 20:34:08.886,30.0,76.4,OBSTACLE,/home/ubuntu/software_ws/snapshots/20260421_203408_876_obstacle.jpg
2026-04-21 20:34:09.415,30.0,77.1,OBSTACLE,/home/ubuntu/software_ws/snapshots/20260421_203409_393_obstacle.jpg
2026-04-21 20:34:09.839,30.0,76.3,OBSTACLE,/home/ubuntu/software_ws/snapshots/20260421_203409_820_obstacle.jpg
2026-04-21 20:34:10.061,30.0,77.0,OBSTACLE,/home/ubuntu/software_ws/snapshots/20260421_203410_042_obstacle.jpg
2026-04-21 20:34:10.781,30.0,76.9,OBSTACLE,/home/ubuntu/software_ws/snapshots/20260421_203410_770_obstacle.jpg
2026-04-21 20:34:11.294,30.0,76.9,OBSTACLE,/home/ubuntu/software_ws/snapshots/20260421_203411_286_obstacle.jpg
2026-04-21 20:34:11.818,29.9,77.3,OBSTACLE,/home/ubuntu/software_ws/snapshots/20260421_203411_799_obstacle.jpg
2026-04-21 20:34:12.241,30.0,76.7,OBSTACLE,/home/ubuntu/software_ws/snapshots/20260421_203412_222_obstacle.jpg
2026-04-21 20:34:12.557,30.0,76.8,OBSTACLE,/home/ubuntu/software_ws/snapshots/20260421_203412_545_obstacle.jpg
2026-04-21 20:34:12.777,30.0,77.0,OBSTACLE,/home/ubuntu/software_ws/snapshots/20260421_203412_760_obstacle.jpg
2026-04-21 20:34:13.214,30.0,76.9,OBSTACLE,/home/ubuntu/software_ws/snapshots/20260421_203413_182_obstacle.jpg
2026-04-21 20:34:13.841,30.0,76.4,OBSTACLE,/home/ubuntu/software_ws/snapshots/20260421_203413_822_obstacle.jpg
2026-04-21 20:34:14.676,29.9,77.0,OBSTACLE,/home/ubuntu/software_ws/snapshots/20260421_203414_650_obstacle.jpg
2026-04-21 20:34:15.205,30.0,77.2,OBSTACLE,/home/ubuntu/software_ws/snapshots/20260421_203415_183_obstacle.jpg
2026-04-21 20:34:15.730,30.0,76.1,OBSTACLE,/home/ubuntu/software_ws/snapshots/20260421_203415_710_obstacle.jpg
2026-04-21 20:34:16.054,30.0,77.5,OBSTACLE,/home/ubuntu/software_ws/snapshots/20260421_203416_034_obstacle.jpg
2026-04-21 20:34:16.969,30.0,76.4,OBSTACLE,/home/ubuntu/software_ws/snapshots/20260421_203416_964_obstacle.jpg
2026-04-21 20:34:17.191,30.0,76.6,OBSTACLE,/home/ubuntu/software_ws/snapshots/20260421_203417_172_obstacle.jpg
2026-04-21 20:34:17.414,30.0,76.9,OBSTACLE,/home/ubuntu/software_ws/snapshots/20260421_203417_395_obstacle.jpg
2026-04-21 20:34:17.738,30.0,77.1,OBSTACLE,/home/ubuntu/software_ws/snapshots/20260421_203417_717_obstacle.jpg
2026-04-21 20:34:17.959,29.9,76.9,OBSTACLE,/home/ubuntu/software_ws/snapshots/20260421_203417_941_obstacle.jpg
2026-04-21 20:34:18.503,30.0,77.7,OBSTACLE,/home/ubuntu/software_ws/snapshots/20260421_203418_465_obstacle.jpg
2026-04-21 20:34:19.233,30.0,77.0,OBSTACLE,/home/ubuntu/software_ws/snapshots/20260421_203419_214_obstacle.jpg
2026-04-21 20:34:19.658,30.0,77.1,OBSTACLE,/home/ubuntu/software_ws/snapshots/20260421_203419_638_obstacle.jpg
2026-04-21 20:34:20.174,30.0,77.3,OBSTACLE,/home/ubuntu/software_ws/snapshots/20260421_203420_164_obstacle.jpg
2026-04-21 20:34:20.587,29.9,77.2,OBSTACLE,/home/ubuntu/software_ws/snapshots/20260421_203420_577_obstacle.jpg
2026-04-21 20:34:21.222,30.0,76.3,OBSTACLE,/home/ubuntu/software_ws/snapshots/20260421_203421_203_obstacle.jpg
2026-04-21 20:34:21.545,30.0,76.2,OBSTACLE,/home/ubuntu/software_ws/snapshots/20260421_203421_526_obstacle.jpg
2026-04-21 20:34:22.072,29.9,76.9,OBSTACLE,/home/ubuntu/software_ws/snapshots/20260421_203422_052_obstacle.jpg
2026-04-21 20:34:22.605,30.0,76.7,OBSTACLE,/home/ubuntu/software_ws/snapshots/20260421_203422_579_obstacle.jpg
2026-04-21 20:34:22.931,30.0,77.0,OBSTACLE,/home/ubuntu/software_ws/snapshots/20260421_203422_911_obstacle.jpg
2026-04-21 20:34:23.152,30.0,76.1,OBSTACLE,/home/ubuntu/software_ws/snapshots/20260421_203423_134_obstacle.jpg
2026-04-21 20:34:23.676,30.0,76.3,OBSTACLE,/home/ubuntu/software_ws/snapshots/20260421_203423_657_obstacle.jpg
2026-04-21 20:34:24.000,30.0,76.4,OBSTACLE,/home/ubuntu/software_ws/snapshots/20260421_203423_980_obstacle.jpg
2026-04-21 20:34:24.526,30.0,76.8,OBSTACLE,/home/ubuntu/software_ws/snapshots/20260421_203424_508_obstacle.jpg
2026-04-21 20:34:24.850,30.0,77.1,OBSTACLE,/home/ubuntu/software_ws/snapshots/20260421_203424_830_obstacle.jpg
2026-04-21 20:34:25.481,30.0,76.9,OBSTACLE,/home/ubuntu/software_ws/snapshots/20260421_203425_460_obstacle.jpg
2026-04-21 20:34:25.913,30.0,76.9,OBSTACLE,/home/ubuntu/software_ws/snapshots/20260421_203425_886_obstacle.jpg
2026-04-21 20:34:26.237,29.9,77.1,OBSTACLE,/home/ubuntu/software_ws/snapshots/20260421_203426_217_obstacle.jpg
2026-04-21 20:34:26.869,29.9,76.8,OBSTACLE,/home/ubuntu/software_ws/snapshots/20260421_203426_848_obstacle.jpg
2026-04-21 20:34:27.093,30.0,76.6,OBSTACLE,/home/ubuntu/software_ws/snapshots/20260421_203427_072_obstacle.jpg
2026-04-21 20:34:27.826,30.0,75.8,OBSTACLE,/home/ubuntu/software_ws/snapshots/20260421_203427_807_obstacle.jpg
2026-04-21 20:34:28.755,30.0,77.2,OBSTACLE,/home/ubuntu/software_ws/snapshots/20260421_203428_736_obstacle.jpg
2026-04-21 20:34:28.978,30.0,76.6,OBSTACLE,/home/ubuntu/software_ws/snapshots/20260421_203428_959_obstacle.jpg
2026-04-21 20:34:29.200,30.0,77.3,OBSTACLE,/home/ubuntu/software_ws/snapshots/20260421_203429_181_obstacle.jpg
2026-04-21 20:34:29.534,30.0,76.4,OBSTACLE,/home/ubuntu/software_ws/snapshots/20260421_203429_513_obstacle.jpg
2026-04-21 20:34:29.960,30.0,77.2,OBSTACLE,/home/ubuntu/software_ws/snapshots/20260421_203429_940_obstacle.jpg
2026-04-21 20:34:30.186,30.0,77.0,OBSTACLE,/home/ubuntu/software_ws/snapshots/20260421_203430_164_obstacle.jpg
2026-04-21 20:34:30.411,30.0,77.0,OBSTACLE,/home/ubuntu/software_ws/snapshots/20260421_203430_389_obstacle.jpg
2026-04-21 20:34:30.737,29.9,76.3,OBSTACLE,/home/ubuntu/software_ws/snapshots/20260421_203430_716_obstacle.jpg
2026-04-21 20:34:30.958,30.0,77.0,OBSTACLE,/home/ubuntu/software_ws/snapshots/20260421_203430_940_obstacle.jpg
2026-04-21 20:34:31.282,30.0,77.9,OBSTACLE,/home/ubuntu/software_ws/snapshots/20260421_203431_262_obstacle.jpg
2026-04-21 20:34:31.812,29.9,76.6,OBSTACLE,/home/ubuntu/software_ws/snapshots/20260421_203431_788_obstacle.jpg
2026-04-21 20:34:32.236,29.9,77.2,OBSTACLE,/home/ubuntu/software_ws/snapshots/20260421_203432_217_obstacle.jpg
2026-04-21 20:34:33.074,30.0,77.1,OBSTACLE,/home/ubuntu/software_ws/snapshots/20260421_203433_044_obstacle.jpg
2026-04-21 20:34:33.905,30.0,77.1,OBSTACLE,/home/ubuntu/software_ws/snapshots/20260421_203433_883_obstacle.jpg
2026-04-21 20:34:34.338,29.9,77.0,OBSTACLE,/home/ubuntu/software_ws/snapshots/20260421_203434_315_obstacle.jpg
2026-04-21 20:34:34.764,30.0,77.4,OBSTACLE,/home/ubuntu/software_ws/snapshots/20260421_203434_743_obstacle.jpg
2026-04-21 20:34:35.390,29.9,76.7,OBSTACLE,/home/ubuntu/software_ws/snapshots/20260421_203435_372_obstacle.jpg
2026-04-21 20:34:35.717,30.0,76.4,OBSTACLE,/home/ubuntu/software_ws/snapshots/20260421_203435_695_obstacle.jpg
2026-04-21 20:34:36.145,30.0,77.3,OBSTACLE,/home/ubuntu/software_ws/snapshots/20260421_203436_123_obstacle.jpg
2026-04-21 20:34:36.467,30.0,76.7,OBSTACLE,/home/ubuntu/software_ws/snapshots/20260421_203436_449_obstacle.jpg
2026-04-21 20:34:36.683,30.0,76.8,OBSTACLE,/home/ubuntu/software_ws/snapshots/20260421_203436_671_obstacle.jpg
2026-04-21 20:34:36.909,30.0,76.7,OBSTACLE,/home/ubuntu/software_ws/snapshots/20260421_203436_886_obstacle.jpg
2026-04-21 20:34:37.333,29.9,76.8,OBSTACLE,/home/ubuntu/software_ws/snapshots/20260421_203437_314_obstacle.jpg
2026-04-21 20:34:37.959,30.0,76.7,OBSTACLE,/home/ubuntu/software_ws/snapshots/20260421_203437_940_obstacle.jpg
2026-04-21 20:34:38.474,29.9,76.7,OBSTACLE,/home/ubuntu/software_ws/snapshots/20260421_203438_465_obstacle.jpg
2026-04-21 20:34:38.695,29.9,76.5,OBSTACLE,/home/ubuntu/software_ws/snapshots/20260421_203438_676_obstacle.jpg
2026-04-21 20:34:39.427,30.0,77.2,OBSTACLE,/home/ubuntu/software_ws/snapshots/20260421_203439_413_obstacle.jpg
2026-04-21 20:34:40.059,29.9,76.7,OBSTACLE,/home/ubuntu/software_ws/snapshots/20260421_203440_038_obstacle.jpg
2026-04-21 20:34:40.482,29.9,76.5,OBSTACLE,/home/ubuntu/software_ws/snapshots/20260421_203440_464_obstacle.jpg
2026-04-21 20:34:41.917,30.0,76.4,OBSTACLE,/home/ubuntu/software_ws/snapshots/20260421_203441_897_obstacle.jpg
2026-04-21 20:34:42.644,29.9,77.3,OBSTACLE,/home/ubuntu/software_ws/snapshots/20260421_203442_623_obstacle.jpg
2026-04-21 20:34:42.869,30.0,77.0,OBSTACLE,/home/ubuntu/software_ws/snapshots/20260421_203442_847_obstacle.jpg
2026-04-21 20:34:43.702,29.9,76.0,OBSTACLE,/home/ubuntu/software_ws/snapshots/20260421_203443_681_obstacle.jpg
2026-04-21 20:34:43.928,30.0,77.7,OBSTACLE,/home/ubuntu/software_ws/snapshots/20260421_203443_909_obstacle.jpg
2026-04-21 20:34:44.555,30.0,77.2,OBSTACLE,/home/ubuntu/software_ws/snapshots/20260421_203444_535_obstacle.jpg
2026-04-21 20:34:44.982,29.9,76.2,OBSTACLE,/home/ubuntu/software_ws/snapshots/20260421_203444_961_obstacle.jpg
2026-04-21 20:34:45.206,30.0,76.7,OBSTACLE,/home/ubuntu/software_ws/snapshots/20260421_203445_185_obstacle.jpg
2026-04-21 20:34:45.638,29.9,77.4,OBSTACLE,/home/ubuntu/software_ws/snapshots/20260421_203445_617_obstacle.jpg
2026-04-21 20:34:46.064,29.9,76.7,OBSTACLE,/home/ubuntu/software_ws/snapshots/20260421_203446_043_obstacle.jpg
2026-04-21 20:34:46.389,30.0,77.1,OBSTACLE,/home/ubuntu/software_ws/snapshots/20260421_203446_369_obstacle.jpg
2026-04-21 20:34:46.918,30.0,77.5,OBSTACLE,/home/ubuntu/software_ws/snapshots/20260421_203446_895_obstacle.jpg
2026-04-21 20:34:47.241,29.9,76.9,OBSTACLE,/home/ubuntu/software_ws/snapshots/20260421_203447_222_obstacle.jpg
2026-04-21 20:34:47.769,29.9,75.6,OBSTACLE,/home/ubuntu/software_ws/snapshots/20260421_203447_746_obstacle.jpg
2026-04-21 20:34:48.297,30.0,77.6,OBSTACLE,/home/ubuntu/software_ws/snapshots/20260421_203448_275_obstacle.jpg
2026-04-21 20:34:48.526,30.0,76.6,OBSTACLE,/home/ubuntu/software_ws/snapshots/20260421_203448_501_obstacle.jpg
2026-04-21 20:34:48.854,30.0,76.3,OBSTACLE,/home/ubuntu/software_ws/snapshots/20260421_203448_833_obstacle.jpg
2026-04-21 20:34:49.075,30.0,76.8,OBSTACLE,/home/ubuntu/software_ws/snapshots/20260421_203449_057_obstacle.jpg
2026-04-21 20:34:49.601,30.0,76.9,OBSTACLE,/home/ubuntu/software_ws/snapshots/20260421_203449_581_obstacle.jpg
2026-04-21 20:34:49.924,30.0,77.0,OBSTACLE,/home/ubuntu/software_ws/snapshots/20260421_203449_905_obstacle.jpg
2026-04-21 20:34:50.350,30.0,77.2,OBSTACLE,/home/ubuntu/software_ws/snapshots/20260421_203450_329_obstacle.jpg
2026-04-21 20:34:51.069,29.9,76.9,OBSTACLE,/home/ubuntu/software_ws/snapshots/20260421_203451_059_obstacle.jpg
2026-04-21 20:34:51.598,30.0,77.1,OBSTACLE,/home/ubuntu/software_ws/snapshots/20260421_203451_576_obstacle.jpg
2026-04-21 20:34:52.332,29.9,76.4,OBSTACLE,/home/ubuntu/software_ws/snapshots/20260421_203452_309_obstacle.jpg
2026-04-21 20:34:52.555,29.9,76.9,OBSTACLE,/home/ubuntu/software_ws/snapshots/20260421_203452_535_obstacle.jpg
2026-04-21 20:34:52.879,30.0,76.9,OBSTACLE,/home/ubuntu/software_ws/snapshots/20260421_203452_860_obstacle.jpg
2026-04-21 20:34:53.303,29.9,77.4,OBSTACLE,/home/ubuntu/software_ws/snapshots/20260421_203453_284_obstacle.jpg
2026-04-21 20:34:53.524,30.0,77.6,OBSTACLE,/home/ubuntu/software_ws/snapshots/20260421_203453_506_obstacle.jpg
2026-04-21 20:34:53.848,30.0,76.9,OBSTACLE,/home/ubuntu/software_ws/snapshots/20260421_203453_830_obstacle.jpg
2026-04-21 20:34:54.274,30.0,76.8,OBSTACLE,/home/ubuntu/software_ws/snapshots/20260421_203454_254_obstacle.jpg
2026-04-21 20:34:54.488,30.0,77.1,OBSTACLE,/home/ubuntu/software_ws/snapshots/20260421_203454_477_obstacle.jpg
2026-04-21 20:34:56.022,30.0,76.1,OBSTACLE,/home/ubuntu/software_ws/snapshots/20260421_203456_005_obstacle.jpg
2026-04-21 20:34:56.239,29.9,76.6,OBSTACLE,/home/ubuntu/software_ws/snapshots/20260421_203456_225_obstacle.jpg
2026-04-21 20:34:56.866,30.0,75.9,OBSTACLE,/home/ubuntu/software_ws/snapshots/20260421_203456_846_obstacle.jpg
2026-04-21 20:34:57.093,30.0,76.4,OBSTACLE,/home/ubuntu/software_ws/snapshots/20260421_203457_070_obstacle.jpg
2026-04-21 20:34:57.725,30.0,76.4,OBSTACLE,/home/ubuntu/software_ws/snapshots/20260421_203457_702_obstacle.jpg
2026-04-21 20:34:58.855,29.9,77.7,OBSTACLE,/home/ubuntu/software_ws/snapshots/20260421_203458_837_obstacle.jpg
2026-04-21 20:34:59.989,30.0,76.3,OBSTACLE,/home/ubuntu/software_ws/snapshots/20260421_203459_969_obstacle.jpg
2026-04-21 20:35:00.516,30.0,77.2,OBSTACLE,/home/ubuntu/software_ws/snapshots/20260421_203500_495_obstacle.jpg
2026-04-21 20:35:01.051,30.0,77.0,OBSTACLE,/home/ubuntu/software_ws/snapshots/20260421_203501_029_obstacle.jpg
2026-04-21 20:35:01.579,29.9,77.4,OBSTACLE,/home/ubuntu/software_ws/snapshots/20260421_203501_558_obstacle.jpg
2026-04-21 20:35:02.013,29.9,77.4,OBSTACLE,/home/ubuntu/software_ws/snapshots/20260421_203501_987_obstacle.jpg
2026-04-21 20:35:02.242,30.0,76.6,OBSTACLE,/home/ubuntu/software_ws/snapshots/20260421_203502_222_obstacle.jpg
2026-04-21 20:35:02.867,30.0,77.2,OBSTACLE,/home/ubuntu/software_ws/snapshots/20260421_203502_849_obstacle.jpg
2026-04-21 20:35:03.397,29.9,76.5,OBSTACLE,/home/ubuntu/software_ws/snapshots/20260421_203503_375_obstacle.jpg
2026-04-21 20:35:03.620,30.0,76.3,OBSTACLE,/home/ubuntu/software_ws/snapshots/20260421_203503_599_obstacle.jpg
2026-04-21 20:35:04.151,30.0,76.8,OBSTACLE,/home/ubuntu/software_ws/snapshots/20260421_203504_127_obstacle.jpg
2026-04-21 20:35:04.375,29.9,76.8,OBSTACLE,/home/ubuntu/software_ws/snapshots/20260421_203504_355_obstacle.jpg
2026-04-21 20:35:04.898,30.0,77.5,OBSTACLE,/home/ubuntu/software_ws/snapshots/20260421_203504_883_obstacle.jpg
2026-04-21 20:35:05.227,29.9,75.9,OBSTACLE,/home/ubuntu/software_ws/snapshots/20260421_203505_202_obstacle.jpg
2026-04-21 20:35:06.361,30.0,76.7,OBSTACLE,/home/ubuntu/software_ws/snapshots/20260421_203506_343_obstacle.jpg
2026-04-21 20:35:06.579,30.0,76.4,OBSTACLE,/home/ubuntu/software_ws/snapshots/20260421_203506_564_obstacle.jpg
2026-04-21 20:35:07.493,30.0,76.3,OBSTACLE,/home/ubuntu/software_ws/snapshots/20260421_203507_488_obstacle.jpg
2026-04-21 20:35:07.901,30.0,77.3,OBSTACLE,/home/ubuntu/software_ws/snapshots/20260421_203507_896_obstacle.jpg
2026-04-21 20:35:08.208,29.9,77.1,OBSTACLE,/home/ubuntu/software_ws/snapshots/20260421_203508_203_obstacle.jpg
2026-04-21 20:35:08.616,29.9,76.7,OBSTACLE,/home/ubuntu/software_ws/snapshots/20260421_203508_611_obstacle.jpg
2026-04-21 20:35:09.226,30.0,77.1,OBSTACLE,/home/ubuntu/software_ws/snapshots/20260421_203509_221_obstacle.jpg
2026-04-21 20:35:09.533,29.9,77.6,OBSTACLE,/home/ubuntu/software_ws/snapshots/20260421_203509_528_obstacle.jpg
2026-04-21 20:35:10.056,29.9,77.1,OBSTACLE,/home/ubuntu/software_ws/snapshots/20260421_203510_037_obstacle.jpg
2026-04-21 20:35:10.370,30.0,76.8,OBSTACLE,/home/ubuntu/software_ws/snapshots/20260421_203510_359_obstacle.jpg
2026-04-21 20:35:11.204,29.9,76.4,OBSTACLE,/home/ubuntu/software_ws/snapshots/20260421_203511_183_obstacle.jpg
2026-04-21 20:35:13.858,29.9,77.0,OBSTACLE,/home/ubuntu/software_ws/snapshots/20260421_203513_839_obstacle.jpg
2026-04-21 20:35:15.191,29.9,77.3,OBSTACLE,/home/ubuntu/software_ws/snapshots/20260421_203515_171_obstacle.jpg
2026-04-21 20:35:17.134,29.9,77.0,OBSTACLE,/home/ubuntu/software_ws/snapshots/20260421_203517_113_obstacle.jpg
2026-04-21 20:35:17.548,29.9,76.6,OBSTACLE,/home/ubuntu/software_ws/snapshots/20260421_203517_539_obstacle.jpg
2026-04-21 20:35:18.980,30.0,76.8,OBSTACLE,/home/ubuntu/software_ws/snapshots/20260421_203518_961_obstacle.jpg
2026-04-21 20:35:19.403,29.9,76.6,OBSTACLE,/home/ubuntu/software_ws/snapshots/20260421_203519_385_obstacle.jpg
2026-04-21 20:35:20.639,29.9,78.0,OBSTACLE,/home/ubuntu/software_ws/snapshots/20260421_203520_618_obstacle.jpg
2026-04-21 20:35:21.166,29.9,76.6,OBSTACLE,/home/ubuntu/software_ws/snapshots/20260421_203521_146_obstacle.jpg
2026-04-21 20:35:21.392,29.9,76.5,OBSTACLE,/home/ubuntu/software_ws/snapshots/20260421_203521_372_obstacle.jpg
2026-04-21 20:35:21.817,29.9,76.5,OBSTACLE,/home/ubuntu/software_ws/snapshots/20260421_203521_797_obstacle.jpg
2026-04-21 20:35:22.538,29.9,76.6,OBSTACLE,/home/ubuntu/software_ws/snapshots/20260421_203522_532_obstacle.jpg
2026-04-21 20:35:23.146,29.9,76.1,OBSTACLE,/home/ubuntu/software_ws/snapshots/20260421_203523_142_obstacle.jpg
2026-04-21 20:35:23.568,29.9,77.0,OBSTACLE,/home/ubuntu/software_ws/snapshots/20260421_203523_549_obstacle.jpg
2026-04-21 20:35:24.080,30.0,76.7,OBSTACLE,/home/ubuntu/software_ws/snapshots/20260421_203524_072_obstacle.jpg
2026-04-21 20:35:24.597,29.9,77.6,OBSTACLE,/home/ubuntu/software_ws/snapshots/20260421_203524_584_obstacle.jpg
2026-04-21 20:35:24.819,30.0,76.8,OBSTACLE,/home/ubuntu/software_ws/snapshots/20260421_203524_800_obstacle.jpg
2026-04-21 20:35:26.054,30.0,76.9,OBSTACLE,/home/ubuntu/software_ws/snapshots/20260421_203526_034_obstacle.jpg
2026-04-21 20:35:26.477,30.0,77.1,OBSTACLE,/home/ubuntu/software_ws/snapshots/20260421_203526_458_obstacle.jpg
2026-04-21 20:35:26.788,29.9,76.5,OBSTACLE,/home/ubuntu/software_ws/snapshots/20260421_203526_780_obstacle.jpg
2026-04-21 20:35:27.000,29.9,76.0,OBSTACLE,/home/ubuntu/software_ws/snapshots/20260421_203526_990_obstacle.jpg
2026-04-21 20:35:27.414,29.9,76.7,OBSTACLE,/home/ubuntu/software_ws/snapshots/20260421_203527_403_obstacle.jpg
2026-04-21 20:35:27.941,29.9,77.0,OBSTACLE,/home/ubuntu/software_ws/snapshots/20260421_203527_920_obstacle.jpg
2026-04-21 20:35:28.459,29.9,77.0,OBSTACLE,/home/ubuntu/software_ws/snapshots/20260421_203528_446_obstacle.jpg
2026-04-21 20:35:28.784,29.9,77.0,OBSTACLE,/home/ubuntu/software_ws/snapshots/20260421_203528_763_obstacle.jpg
2026-04-21 20:35:29.613,30.0,76.2,OBSTACLE,/home/ubuntu/software_ws/snapshots/20260421_203529_595_obstacle.jpg
2026-04-21 20:35:30.455,29.9,77.4,OBSTACLE,/home/ubuntu/software_ws/snapshots/20260421_203530_424_obstacle.jpg
2026-04-21 20:35:30.880,30.0,76.4,OBSTACLE,/home/ubuntu/software_ws/snapshots/20260421_203530_860_obstacle.jpg
2026-04-21 20:35:31.306,30.0,77.1,OBSTACLE,/home/ubuntu/software_ws/snapshots/20260421_203531_286_obstacle.jpg
2026-04-21 20:35:31.741,29.9,76.8,OBSTACLE,/home/ubuntu/software_ws/snapshots/20260421_203531_711_obstacle.jpg
2026-04-21 20:35:32.067,30.0,76.3,OBSTACLE,/home/ubuntu/software_ws/snapshots/20260421_203532_046_obstacle.jpg
2026-04-21 20:35:32.292,30.0,77.3,OBSTACLE,/home/ubuntu/software_ws/snapshots/20260421_203532_270_obstacle.jpg
2026-04-21 20:35:32.500,30.0,76.1,OBSTACLE,/home/ubuntu/software_ws/snapshots/20260421_203532_495_obstacle.jpg
2026-04-21 20:35:32.819,30.0,77.3,OBSTACLE,/home/ubuntu/software_ws/snapshots/20260421_203532_802_obstacle.jpg
2026-04-21 20:35:33.142,30.0,76.1,OBSTACLE,/home/ubuntu/software_ws/snapshots/20260421_203533_124_obstacle.jpg
2026-04-21 20:35:33.364,29.9,76.8,OBSTACLE,/home/ubuntu/software_ws/snapshots/20260421_203533_345_obstacle.jpg
2026-04-21 20:35:33.687,30.0,76.3,OBSTACLE,/home/ubuntu/software_ws/snapshots/20260421_203533_668_obstacle.jpg
2026-04-21 20:35:34.218,30.0,77.4,OBSTACLE,/home/ubuntu/software_ws/snapshots/20260421_203534_194_obstacle.jpg
2026-04-21 20:35:34.649,29.9,77.7,OBSTACLE,/home/ubuntu/software_ws/snapshots/20260421_203534_624_obstacle.jpg
2026-04-21 20:35:34.972,29.9,75.4,OBSTACLE,/home/ubuntu/software_ws/snapshots/20260421_203534_953_obstacle.jpg
2026-04-21 20:35:35.194,30.0,76.6,OBSTACLE,/home/ubuntu/software_ws/snapshots/20260421_203535_175_obstacle.jpg
2026-04-21 20:35:35.622,29.9,76.4,OBSTACLE,/home/ubuntu/software_ws/snapshots/20260421_203535_599_obstacle.jpg
2026-04-21 20:35:36.048,30.0,77.1,OBSTACLE,/home/ubuntu/software_ws/snapshots/20260421_203536_027_obstacle.jpg
2026-04-21 20:35:36.259,29.9,76.6,OBSTACLE,/home/ubuntu/software_ws/snapshots/20260421_203536_251_obstacle.jpg
2026-04-21 20:35:36.884,30.0,76.7,OBSTACLE,/home/ubuntu/software_ws/snapshots/20260421_203536_865_obstacle.jpg
2026-04-21 20:35:37.106,30.0,77.0,OBSTACLE,/home/ubuntu/software_ws/snapshots/20260421_203537_087_obstacle.jpg
2026-04-21 20:35:37.834,30.0,77.2,OBSTACLE,/home/ubuntu/software_ws/snapshots/20260421_203537_815_obstacle.jpg
2026-04-21 20:35:38.364,30.0,76.5,OBSTACLE,/home/ubuntu/software_ws/snapshots/20260421_203538_345_obstacle.jpg
2026-04-21 20:35:38.788,29.9,76.6,OBSTACLE,/home/ubuntu/software_ws/snapshots/20260421_203538_769_obstacle.jpg
2026-04-21 20:35:39.010,30.0,76.3,OBSTACLE,/home/ubuntu/software_ws/snapshots/20260421_203538_991_obstacle.jpg
2026-04-21 20:35:39.538,29.9,76.1,OBSTACLE,/home/ubuntu/software_ws/snapshots/20260421_203539_516_obstacle.jpg
2026-04-21 20:35:39.752,30.0,77.1,OBSTACLE,/home/ubuntu/software_ws/snapshots/20260421_203539_741_obstacle.jpg
2026-04-21 20:35:40.378,30.0,76.7,OBSTACLE,/home/ubuntu/software_ws/snapshots/20260421_203540_358_obstacle.jpg
2026-04-21 20:35:40.701,29.9,77.2,OBSTACLE,/home/ubuntu/software_ws/snapshots/20260421_203540_682_obstacle.jpg
2026-04-21 20:35:41.327,29.9,76.7,OBSTACLE,/home/ubuntu/software_ws/snapshots/20260421_203541_308_obstacle.jpg
2026-04-21 20:35:42.071,30.0,77.4,OBSTACLE,/home/ubuntu/software_ws/snapshots/20260421_203542_037_obstacle.jpg
2026-04-21 20:35:42.478,30.0,76.9,OBSTACLE,/home/ubuntu/software_ws/snapshots/20260421_203542_474_obstacle.jpg
2026-04-21 20:35:43.086,30.0,76.7,OBSTACLE,/home/ubuntu/software_ws/snapshots/20260421_203543_082_obstacle.jpg
2026-04-21 20:35:43.593,30.0,77.2,OBSTACLE,/home/ubuntu/software_ws/snapshots/20260421_203543_589_obstacle.jpg
2026-04-21 20:35:45.105,29.9,76.4,OBSTACLE,/home/ubuntu/software_ws/snapshots/20260421_203545_101_obstacle.jpg
2026-04-21 20:35:45.612,30.0,77.2,OBSTACLE,/home/ubuntu/software_ws/snapshots/20260421_203545_608_obstacle.jpg
2026-04-21 20:35:47.928,30.0,76.5,OBSTACLE,/home/ubuntu/software_ws/snapshots/20260421_203547_923_obstacle.jpg
2026-04-21 20:35:49.240,29.9,76.7,OBSTACLE,/home/ubuntu/software_ws/snapshots/20260421_203549_235_obstacle.jpg
2026-04-21 20:35:49.546,29.9,76.8,OBSTACLE,/home/ubuntu/software_ws/snapshots/20260421_203549_542_obstacle.jpg
2026-04-21 20:36:15.167,30.0,77.3,OBSTACLE,/home/ubuntu/software_ws/snapshots/20260421_203615_129_obstacle.jpg
2026-04-21 20:36:16.697,29.9,76.7,OBSTACLE,/home/ubuntu/software_ws/snapshots/20260421_203616_687_obstacle.jpg
2026-04-21 20:36:17.005,29.9,77.3,OBSTACLE,/home/ubuntu/software_ws/snapshots/20260421_203617_000_obstacle.jpg
2026-04-21 20:36:17.713,29.9,76.9,OBSTACLE,/home/ubuntu/software_ws/snapshots/20260421_203617_709_obstacle.jpg
2026-04-21 20:36:21.336,30.0,77.3,OBSTACLE,/home/ubuntu/software_ws/snapshots/20260421_203621_332_obstacle.jpg
2026-04-21 20:36:33.565,29.9,76.9,OBSTACLE,/home/ubuntu/software_ws/snapshots/20260421_203633_544_obstacle.jpg
2026-04-21 20:36:47.810,29.9,76.4,OBSTACLE,/home/ubuntu/software_ws/snapshots/20260421_203647_802_obstacle.jpg
2026-04-21 20:37:12.987,29.9,77.2,OBSTACLE,/home/ubuntu/software_ws/snapshots/20260421_203712_961_obstacle.jpg
2026-04-21 20:37:34.130,29.9,76.9,OBSTACLE,/home/ubuntu/software_ws/snapshots/20260421_203734_110_obstacle.jpg
2026-04-21 20:37:34.343,30.0,76.8,OBSTACLE,/home/ubuntu/software_ws/snapshots/20260421_203734_333_obstacle.jpg
2026-04-21 20:37:35.059,29.9,76.6,OBSTACLE,/home/ubuntu/software_ws/snapshots/20260421_203735_050_obstacle.jpg
2026-04-21 20:38:28.351,29.9,76.9,OBSTACLE,/home/ubuntu/software_ws/snapshots/20260421_203828_339_obstacle.jpg
2026-04-21 20:38:28.563,29.9,76.2,OBSTACLE,/home/ubuntu/software_ws/snapshots/20260421_203828_555_obstacle.jpg
2026-04-21 20:38:28.783,30.0,76.5,OBSTACLE,/home/ubuntu/software_ws/snapshots/20260421_203828_765_obstacle.jpg
2026-04-21 20:38:42.947,29.9,77.6,OBSTACLE,/home/ubuntu/software_ws/snapshots/20260421_203842_916_obstacle.jpg
2026-04-21 20:38:44.379,30.0,77.4,OBSTACLE,/home/ubuntu/software_ws/snapshots/20260421_203844_363_obstacle.jpg
2026-04-21 20:38:45.205,30.0,76.9,OBSTACLE,/home/ubuntu/software_ws/snapshots/20260421_203845_188_obstacle.jpg
2026-04-21 20:38:46.342,30.0,76.5,OBSTACLE,/home/ubuntu/software_ws/snapshots/20260421_203846_316_obstacle.jpg
2026-04-21 20:38:46.858,30.0,77.1,OBSTACLE,/home/ubuntu/software_ws/snapshots/20260421_203846_850_obstacle.jpg
2026-04-21 20:38:52.621,29.9,77.3,OBSTACLE,/home/ubuntu/software_ws/snapshots/20260421_203852_610_obstacle.jpg
2026-04-21 20:53:55.440,4.6,out of range,OBSTACLE,/home/ubuntu/software_ws/snapshots/20260421_205355_430_obstacle.jpg
2026-04-22 20:29:31.639,57.8,7.8,OBSTACLE,/home/ubuntu/software_ws/snapshots/20260422_202931_417_obstacle.jpg
2026-04-22 20:45:32.969,18.0,17.6,OBSTACLE,/home/ubuntu/software_ws/snapshots/20260422_204532_960_obstacle.jpg
2026-04-22 20:56:52.089,17.6,78.4,OBSTACLE,/home/ubuntu/software_ws/snapshots/20260422_205652_080_obstacle.jpg
